,0,1
0,-0.0006715293448889977,-0.0009986870404932974
1,0.0009915069367368889,-0.0002897895637505041
2,-0.0063921003268896355,-0.012454400668489405
3,-0.007277240482089479,-0.004893085503519313
4,0.0025886642416807536,0.005009146966510986
5,0.0013233203251533296,-0.00026858479516644277
6,-0.001640030942517377,-0.002953016516091713
7,0.009701930772151392,0.008334215817044507
8,-0.0013535980558301022,-0.001298466460209982
9,0.0014465346530218065,0.002435292641139799
10,9.093067112051761e-05,-0.00016207507467415873
11,-0.004846578881585616,0.0008310633438092393
12,0.0037136891211448715,0.0014614796223457454
13,-0.00906552554893902,-0.004797589860463623
14,0.006322038290818829,0.005024605887682356
15,0.010272519540044786,0.015682763715557727
16,-0.0035707086987461193,-0.004552943406803813
17,0.00710941322740501,0.0053225811667075495
18,0.0020333515077988326,-0.000957709191391898
19,-0.0010174625877816936,-9.224346223327094e-05
20,0.00250272281605143,0.003684678455726954
21,0.000246141640263031,0.002050747135414311
22,0.004391957349127686,0.005441299833807678
23,0.001996125479461869,-0.0006300148464161086
24,0.0011208953192135245,0.004698015508648296
25,0.002369189237101639,0.001074901557246216
26,0.003698079760011958,0.003430338541690244
27,-0.0009500278065397447,0.00013105544855993657
28,-0.0018277460964331949,-0.0014923256836368668
29,0.0007802773839139262,0.005415073747976305
30,0.0004542672398066706,0.004300850139243601
31,0.0011170412838614075,0.0010073815056994122
32,-0.0003225873627893166,-0.0032754888452446156
33,0.004337475269175199,0.003856316311006707
34,-0.0015847712862924921,0.007504611164531801
35,-0.0021550949748084074,-0.0010780696704172923
36,0.0007735219994723142,0.00018900963948879847
37,-0.0069240265760380434,-0.0036378233367362406
38,0.0014925453189041336,0.001681836333495302
39,-0.0069551354227659614,-0.003571143544666257
40,0.0007529761498036596,-0.0006634157757527788
41,0.007558787864564125,0.008197437645631708
42,-0.003134191745411904,-0.00163514407510785
43,0.0027741698163317764,-0.001613937037517963
44,0.0046639998821922015,-4.422128321207089e-05
45,0.0017479872134400073,-0.0005883724889754393
46,-0.001622001981978025,-0.0011620870507891364
47,0.0012101008501710583,0.00025273421238207927
48,0.0020429082664951384,0.0018610892450414715
49,-0.0016989114362133747,1.4216498081938548e-05
50,-0.008073406443015484,-0.004325046445220018
51,0.0014923371490877925,0.0016079176642755009
52,0.0034638357326127315,0.00273637090269168
53,-0.0016397701611801086,-0.0021933831543116664
54,-0.0017092402860575517,-0.0018137621502284588
55,0.0009759249423871765,0.0026810608591287593
56,0.0008905133381864982,0.002891357154090838
57,0.0020675939121832187,0.0020420689163531775
58,-0.0018335922531137834,-0.0009559833950465722
59,0.0012633281877213766,-0.000706412728814774
60,-0.0014907091960789831,0.002698104084534347
61,0.0015952510116958214,0.017497434977029415
62,-0.0005888126356212973,-0.0041500989829023095
63,-0.00022625901982248277,-0.0023886144956590033
64,0.00730667984961971,0.006950434825746472
65,-1.4216345534329165e-05,-0.00038479922512140585
66,-0.00865148929435175,-0.004887138805009203
67,0.00579183262519972,0.010264882287952776
68,0.0006906382743386846,0.0020864674419293814
69,0.0018713227894227179,-0.001362939846511815
70,0.003597199047818732,0.005686684843949446
71,0.004454989072336309,0.0038759521400741803
72,-0.007644766714192859,-0.007737462590657215
73,-0.0002701674259284882,-0.004406976624705686
74,0.00012448224989193926,-0.0014985168206344962
75,-0.008045463065276311,-0.007114390285865347
76,0.0004655179463982458,0.003305526467864545
77,0.0012010875694145593,0.003708116537223568
78,-0.006691382710660034,0.0015372830912537625
79,0.0006609877544845989,0.010111505424814258
80,-0.0007423355046214557,0.004263505004818819
81,0.003135899404144156,0.0031588776474089685
82,0.0037465518642171495,0.008080422411336633
83,-0.0009765653105270593,-0.00029110733237507633
84,0.0015212203311440714,-0.0017889500723852398
85,0.0023335801828639935,0.0025847281159492217
86,0.004731134384822053,0.000850382132477235
87,0.0018345457026617375,0.0012534638689098794
88,-0.0011208363214589678,0.00013324978874414305
89,0.0008579705445543171,0.00760138589768805
90,-0.0003089937518346141,-0.0032276848362319745
91,0.00026531405264374126,-0.00048492626747019763
92,-0.006421115670385725,-0.00600538291588626
93,0.0033329804448711305,0.0043479824385605536
94,0.0005364318859575154,0.0003322977531520818
95,0.0036857152783391035,0.0022263217548065452
96,-0.0011498724369565778,0.0022403038674476076
97,0.001381348039521026,0.0005212719741982359
98,0.0029726892097530016,0.003283242726657612
99,-0.0038792145671454155,-0.0016121010921062826
100,0.004537964636467339,0.003317143884906327
101,0.0006490238545956843,0.0017135599857427334
102,-0.00201216481405124,0.0018635580950997
103,0.004879975920801534,0.010091758124441613
104,-0.0007788390434386441,-0.0014500692908134543
105,0.00019294966132953994,0.002872936434918252
106,0.0018393535680034613,0.0059505607367760826
107,0.005951307390986965,0.003906761613908158
108,-0.0019453950515461748,-0.0010075060224893416
109,0.004762115678928277,0.0025308786083907088
110,-0.009371448689960673,-0.009276115036988606
111,0.0085370711514665,0.006707712035510187
112,0.00025224432556618604,0.0017954977700344516
113,-0.0036536752347790073,0.0001487408975476879
114,-0.0011478387447970693,0.00018726220373056483
115,0.005261747755016775,0.0013837565996455059
116,-0.013794207077198492,-0.012781500074450038
117,0.003322127715712575,0.002584196189298983
118,0.003682092542511623,0.0007555654698904117
119,-0.0008189049221188972,-0.0007284466131393034
120,-0.003591314619552699,-0.002448790216095881
121,-0.000639288418934314,-0.0012393545871347174
122,-0.008518742260923858,-0.006889500038406378
123,0.003323287233678175,0.005073560169341706
124,0.00842475139206347,0.006540297584854889
125,0.004309489477406791,0.003897126737238164
126,-0.0013701612893594435,-0.001028781624991249
127,-0.004964292948627339,-0.0029384271324882053
128,0.0035881572377478,0.0042474230084544855
129,0.0007439860229709954,0.0021019254398162747
130,-0.007329801161382444,-0.0020735027253318246
131,-0.0005501837830727957,-0.0012960331490997187
132,-0.0006378669348753679,-0.0027846051844642966
133,-0.0031859068437582847,0.00019364781699858112
134,-0.003403907063671025,0.0005841284469364673
135,-0.001594362874234307,-0.005603963709499186
136,0.0033081892634740213,0.0044843031121536685
137,0.00788165697398953,0.0042724058177349864
138,0.0013860450310550308,8.010543839776716e-05
139,0.0016463485713279786,0.0019612081413706507
140,-0.0005629494915128634,0.006707088701602859
141,0.0007946539442365747,0.0012090603714789512
142,0.002080912742829309,-0.0004026006608677665
143,-0.005723419983894666,-0.00934428720955992
144,-0.004424828590547445,-0.0047651794072051615
145,0.004625738094471599,0.0018362351572178133
146,-0.004508006844952845,-0.0005055288071808851
147,0.0005283897149765755,-5.2798640281492456e-05
148,0.0006764023147956306,6.18001485010971e-05
149,0.0022590976673500067,0.0021433808803643984
150,0.0016421541070513448,-0.0005557061944391015
151,-0.002581726764457838,0.00038246128546501904
152,-0.005162564772389021,0.0018010702554875173
153,-0.010477186476756124,-0.011510576478664259
154,-0.008071422331698448,-0.006056798886805703
155,-0.025700444489650892,-0.02139638658242356
156,0.0008855489745012487,0.003736459940158653
157,0.010142955927809338,0.006324177204323793
158,0.0077069525068379574,0.01007103424933923
159,0.0048988779830627955,0.007385619494977048
160,0.0033020754152403428,0.0015704659727454303
161,-0.01140637080075171,-0.0075580712399988936
162,0.0029700112862303925,0.0024235338549758044
163,0.0026423002373870534,0.0009353154334156583
164,-0.0025272769280469463,0.0005067238448967455
165,0.00673265353815968,0.006552743369012471
166,-0.001487156411271253,-0.002390463959563813
167,0.0009301744055502589,0.0063930038458744455
168,0.0034727234876679803,0.00360201685415437
169,-0.0025767791062994475,-0.0017864246205857566
170,0.0064694812434224315,0.008037606202358135
171,0.003400576810612439,0.0019289523828800539
172,0.005564934713590422,0.008203750565906503
173,0.0012606990581493591,0.00851031492430526
174,-0.0037300406903854827,-0.0058308815092003256
175,-0.005976693123469738,-0.006877674692059848
176,-0.0006581628513573428,0.002851552094561304
177,-0.0020534508726214647,-0.0047749054088237625
178,-0.002324151695542165,-0.002305082591788183
179,-0.014471971982632281,-0.01710380287537233
180,-0.00505098712376862,-0.003369861342741425
181,0.008734940508995783,0.010813831598925227
182,-0.0030040112857167424,0.003273577805062973
183,0.006962603234267637,0.000886641801610581
184,0.006636252917503547,0.0035023837247006875
185,5.3366938576276964e-05,-0.0002954398638454527
186,0.005200439788338436,0.0013347120381071683
187,0.006954541587984407,0.010657476024523424
188,-9.11234179260079e-05,-0.002131815032360762
189,0.0029548654182972897,0.002634209331378374
190,-0.008285947102201888,-0.0035083812916615535
191,-0.002855955499222345,-0.0027016308443604787
192,0.012357429560977722,0.014013521392048131
193,-0.0033821693587248957,-0.004927447406306106
194,0.0006713839149552727,0.007144369611604782
195,0.0024738985266804076,0.005221586345648125
196,-0.0013924254041673182,-0.001989934576650106
197,0.0030273630037384847,-0.00235526718722919
198,0.0061125048145516,0.008235499668409193
199,0.0013908578072868779,0.005707065434369627
200,-0.0021813236215785237,-0.0038403483201939156
201,0.006132754724156729,0.004777376918218691
202,-0.002708214909132503,-0.0032305943209620523
203,-0.0026769924908752784,-0.0003653624101170657
204,0.008867481020562541,0.008109708116596425
205,0.005764699656107004,0.007522730307964893
206,-0.0011790221810967921,-0.002159668661102456
207,-0.0026987116402372967,-0.0017430017143223485
208,0.003375391206974023,0.0059431540400115826
209,-0.006448191205844293,-0.002186328268265778
210,-0.000334500668564635,-0.0021858190121169237
211,-0.0002368324377158155,0.0034535271171970967
212,-0.009970923226880068,-0.007110643650522913
213,-0.0018951279002998045,-0.0019230249444325356
214,0.003446938855063772,0.0015706939418912793
215,-0.0001247455513342086,0.0007973923791574027
216,0.0008154847241620184,0.0016522449647047178
217,0.0021147666143431507,0.0006436962741333928
218,0.0034828485945018277,0.0028957936805554586
219,0.0004687695415614767,0.0020568447740662147
220,0.0037931179029422777,0.004132673202317866
221,0.0048991102262654395,0.0055075155054536105
222,0.0010299509696282201,0.0016349766096860098
223,-0.0003273949815094395,0.004219071599319681
224,0.003777139584496577,0.004740405295266177
225,-0.004049347356159702,-0.0029546826126266522
226,-0.007591143371737167,-0.008395326372231135
227,0.007262749133110274,0.004579276595771823
228,-0.00809643196763026,-0.006973275114381189
229,-0.0018374451672755253,0.0015162092240205152
230,-0.0067697091850042026,-0.004708747821938249
231,0.001322177631530445,-0.0015132699372961307
232,-0.009897814416439308,-0.008999284024510347
233,-0.0012242659557611152,-0.0023991572531630047
234,0.00541505696844677,0.004969602031090976
235,0.003142370804009543,-0.00017986575355849167
236,-0.004360208983873666,0.0003550238282657618
237,0.004038649088792603,0.008698145091173594
238,0.000668463151709908,-0.0037147090567948384
239,0.004345008069586582,0.0008260681915743463
240,0.005686555659544342,0.002184583199044046
241,0.000283712571206721,0.003089456623176596
242,-0.004201419518783732,-0.001989732977701553
243,0.004371765897557369,0.003925303716355537
244,0.001171810775322959,0.0030594635750662716
245,0.0005965405072081045,0.005170448221546831
246,-0.006618681518778819,-0.012058967218070392
247,0.0024730754917370026,0.0011448156820603583
248,-0.0019646681695056167,-0.0012647038505061113
249,-0.015749937968039508,-0.014321594630731776
250,-0.003898479052489492,-0.002524171889780841
251,-0.006149022211098371,-0.007367254868496929
252,-0.0006444199599118234,0.0013693066170402163
253,-0.01737448675123996,-0.015581517818079786
254,0.006438085751098878,0.0023659252497875366
255,-0.01566931513353555,-0.015723355905480487
256,-0.007026720933160884,-0.014395611667295766
257,-0.008195480719514191,-0.006104131595348178
258,0.005351146630752839,0.0005979223788404676
259,0.015270150250760572,0.011855837101093806
260,-0.00738589537782531,-0.003986347218299618
261,0.00794845669857312,0.008171486360492293
262,-0.0041383959807607925,-0.0045537782503829345
263,-0.0003544738634422068,0.002086435896642601
264,0.01243331325901472,0.0063049142321261005
265,0.0043671799279584545,0.007287623798439401
266,-0.007238078714409097,-0.005778461194720211
267,-0.002154283765986744,-8.772020580019075e-05
268,-0.0013221249348558963,-0.0034600907163123153
269,-0.006737984112735012,-0.006884100379178766
270,-0.010561301409401473,-0.004744919038006219
271,-0.004405978456897363,-0.0048932829144632695
272,0.006839632991517696,0.005801904867709264
273,-0.009862544185342931,-0.007188802324394789
274,0.008696168016658963,0.005064632631129217
275,0.0074194748133336085,0.010982083299953082
276,0.007188046837578319,0.007038653192752999
277,-0.003957982007526134,0.0001150906571779414
278,0.0027038904443602908,0.0022243013147209604
279,0.011769592852517372,0.014744030284033732
280,-0.00653548148814086,-0.00578036234284732
281,0.0018693865288356858,0.001446817901460424
282,0.004431838922657924,0.0023467242903413336
283,0.0032437462704383484,-0.0022402840203710425
284,-0.0014021951809564236,-0.00015520473456218754
285,0.010039893847046755,0.003935335435261309
286,0.0017346185069878788,0.003446068083164424
287,0.0023136703375163893,0.0036181587642928497
288,0.0043836954206437845,0.004418423627626009
289,0.007925569120686133,0.004111905343419576
290,-0.006735993482996942,0.003438181614061524
291,0.005406493613133642,0.009856576741649695
292,-0.004360896202342228,0.009247186335805492
293,0.008627020735376993,0.00350687113111748
294,0.0011572140325271393,0.0013157326999883858
295,-0.006565948190340258,-0.004493272769077333
296,0.0061502130742922614,0.003501441535676514
297,0.0034630566479196844,0.0038053567075566146
298,0.004392632242197225,0.0022490156234095016
299,0.003526526177263135,0.008759897324488317
300,0.0013686034818782033,0.006977966357025199
301,-0.009119059595791184,-0.005196421934667988
302,0.0014614700673886828,0.0036589140926132063
303,-0.0005873804130535735,-0.004211778763558839
304,0.007165207777322454,0.009080970132201603
305,0.0076354827174546945,0.006944970010737914
306,-0.004725997158157576,-0.005377819674127632
307,0.0005831860408163626,0.004685144206123639
308,0.00043438913318207266,-2.7954569238215738e-05
309,-0.004160867974604075,-0.0038472528630712982
310,0.003988991108802844,0.004216345177889336
311,-0.0062234775578702654,-0.00700660933205965
312,2.883017378327386e-05,-0.0013907678449123356
313,0.002238505133777997,0.002128905816067396
314,0.00437017945467574,0.009278351974813333
315,0.0061313232045580625,0.002275654144816194
316,-0.0014145031717980989,0.0006402178699623835
317,-0.0012256896317034886,0.0002929584621485725
318,0.0021474293517595366,-0.0005481028259851493
319,0.0027568170363058767,0.002859763454095216
320,0.0006689894370046691,0.0005823051386289562
321,0.0022647124451763753,-0.000497860564277828
322,0.004092690094448676,0.007715653480644835
323,0.0006168317294361387,0.0008379638100551106
324,0.008667896802054225,-0.0017043794287228287
325,0.0017702112257185411,0.0010303745600407112
326,-0.0021713357493577164,0.0038670702828617087
327,-0.002542669698047858,-0.0008845602155963808
328,0.0006789510976931317,-9.414423580687838e-05
329,-0.0032834173528879396,-0.00398302143031533
330,-0.0019388881197442945,-0.0027951482731090917
331,-0.003780204344674904,-0.0018211942164348682
332,0.001531930022763095,0.0017964929171144551
333,-0.00041786263594817635,-0.0005401116693108389
334,0.0035412000349172765,0.0073660928674233106
335,-0.004671941093366276,-0.0006381697494083309
336,-0.003577625588002866,-0.004529891813190274
337,-0.0005858206760602742,0.00159815500518984
338,0.005139682777983861,0.003930201095013185
339,-0.00681198389985508,-0.009112322629434934
340,0.008996257056758867,0.004550407491547656
341,-0.002778050704255344,-0.0013153196006620994
342,0.0075739975011935926,0.004389461199850837
343,0.0005981531603518644,0.001610136225757306
344,0.01134734108608547,0.007638530583997127
345,0.002845312528382563,0.0039713582501983416
346,0.00032597467989985244,0.0010820629197286836
347,0.001608260357291068,0.0003120558984802109
348,0.001982648551565015,0.0007509965043713148
349,-0.0007284225569370302,0.0004177010256499269
350,0.0009923963425245898,-3.574172399085296e-05
351,-0.0014355677738706778,-0.002864476128364832
352,0.004224151295081615,0.004798683681308238
353,0.0035965236424557573,0.0057702868577025924
354,0.002051025505129079,0.0029506690941017376
355,-0.0033127039951151363,-0.0030640086344508257
356,-0.005564525318284869,-0.004397285869194112
357,-0.007915536784196103,-0.008085897428176479
358,-0.0011327243072727395,-0.001504415341758133
359,0.004350055841063486,0.004966676755568432
360,-0.00512397983480036,-0.004456347293689457
361,0.0013418696419738617,0.0027226529762127173
362,0.004832321560070771,0.00149755910510644
363,0.00018099648098860336,0.0017038084768929394
364,-0.0021946422075488034,-0.0008155728125150039
365,0.007754507161735208,0.007499519116916514
366,-0.016404641883153735,-0.012362932622859759
367,-0.014431246964177986,-0.010929045457813485
368,0.007305650397351313,0.009006492985877239
369,0.010858270953134396,0.00854112300431682
370,0.005482897233175869,0.0004983954088569171
371,0.005409887769471676,0.006396332629767212
372,-0.006273874286642285,-0.005837897067034798
373,0.014337768979485261,0.010207540453869136
374,0.002997876261635621,0.0017143956428238435
375,0.010275768018679939,0.013599803583691387
376,0.005263824069040586,0.00035107232848323683
377,0.004131179133087375,0.0067645524905889836
378,-0.00196063531170389,-0.0046786251199589885
379,0.002141821898233213,0.0016069442268432889
380,0.0017091297863884884,0.004300287296152606
381,0.004285080273986885,0.009261356711799472
382,-0.0048475911222741995,-0.005921007494635428
383,0.0040148269456647245,0.0044151204174009565
384,0.0011898646817125505,0.003669255963623297
385,0.004215838738102806,0.005040000301759564
386,-0.0014621709705453965,0.0006278453517643359
387,0.002051044385202922,0.001393860065372143
388,0.001173138025797645,0.0024014491379509293
389,0.000770569492785735,0.0016582759485059594
390,0.0004570948837898991,0.008592082592087137
391,-0.0021804718079732107,-0.0056434106825112755
392,-0.0040218469265955945,-0.005382902413608607
393,0.005471871988501572,0.0054832588833682
394,-0.0016578848397296674,0.005287892844901921
395,0.005219653668507183,0.0008662284733337291
396,0.002056412719841989,0.00448923465657858
397,0.00041903964168852085,0.0004926265888904626
398,-0.005233730499285403,-0.002092385906694966
399,0.0045853897800488255,0.002150242645015624
400,0.00021274416896687487,-2.680132654532505e-05
401,0.0044100208621672965,0.004462199836847045
402,-0.004550485278173984,-0.005018583017912195
403,-0.0012110053430875029,-0.0015576417242212346
404,0.0005416506502564875,0.000344261724923747
405,0.0011770819092304756,0.005200783034170751
406,0.0012264927405163406,0.0018711219531217314
407,0.0021962617017947704,0.00016148863959568823
408,-8.498269995870198e-05,-0.002793953122547027
409,0.0007830077359182645,0.00043567831817380756
410,-0.0010764561468303336,0.0036757300999582616
411,0.0013333793213700206,-0.00010788732821734239
412,0.000975841235868417,0.000898313790464643
413,-0.002135338013619921,-0.000701480441179927
414,0.0005347587089018548,0.00017825629037329806
415,0.006602900378530133,0.010982599080574069
416,0.006185827280717974,0.005898761566410209
417,0.003787836208343622,0.0043485096327186895
418,0.0006275980071128806,0.002271465570094049
419,-0.014179507731109459,-0.010423211372387244
420,0.006079008452635174,0.003515007715488249
421,-0.009127425360005458,-0.006745950425940606
422,0.0015517505847237618,0.0034342001381050505
423,0.004765630338687309,0.0031014159676790343
424,0.002408948491516318,0.0014285787819125879
425,-0.0021003681137090322,0.009142519431544016
426,0.002631805557668036,0.005883168150234747
427,0.006618250070663256,0.0054635718103180275
428,-0.0021729372854313385,0.0018880610208263915
429,0.002140541525776262,-0.0014166083061833824
430,-0.006471581854363473,-0.0040651468838136876
431,0.003926644139795861,0.0034938709005521624
432,-0.0023729205404775145,0.0003669317144112912
433,-0.0042294232011876425,-0.0020872189157641542
434,0.008369576612613793,0.007684069226706321
435,-0.003679504063585051,-0.0009311890960780987
436,0.0002781526383297046,0.0012094327159438865
437,0.0019555209708882987,-0.00012357451156374774
438,-0.0016004133441759186,0.0008523725759397428
439,-0.00025770206772804735,-0.0005417315244046864
440,0.002448426389864142,0.003236966485549915
441,-0.008407803839423968,-0.015316132501867107
442,0.0028170397022301754,0.0010735932786038196
443,-0.006490860671782377,0.003562175100848755
444,0.004240228656169163,0.0024059723558395698
445,6.289663685048541e-05,-0.0036168969546775346
446,0.0015857458826947011,0.004260894757904297
447,0.0021059805099362568,0.0022887653572835616
448,-0.00322484981637231,0.0020590883520373044
449,0.0007426267632192906,0.002362990415967077
450,0.00274282069562973,-0.0019186134187121656
451,-0.006102943741015264,0.00023945696315312372
452,-0.0015597271090181616,-0.003948977196617045
453,-0.00320724065308404,-0.005018469727869988
454,-0.0007937890862964782,-0.00032813291727197704
455,-0.0012098897750594262,-0.0005078507716848533
456,-0.004233155349606801,-0.001891224496063843
457,-0.007418174846097768,-0.00894384463090409
458,-0.004198942864177945,-0.00048268864467240297
459,-0.0043052682770880445,-0.004167133346300925
460,0.0097183234282868,0.012903225133135647
461,0.001704696129821173,0.0014344932948629808
462,0.012710546281093443,0.014244905664662449
463,0.013401217719620847,0.010414546225668469
464,0.01744565799006199,0.01740284673836015
465,0.006638697468510232,0.006677189140431729
466,0.006574931540620316,0.005038214972775411
467,0.0032793965319300985,0.008190102326688166
468,0.007924979528793195,0.0049100404961278385
469,0.00492680368083459,0.006011059248048413
470,0.00329504799915437,0.0021524490292379535
471,0.007498037867888485,0.010948933282675958
472,0.0027984113396399635,0.0016916833685041287
473,0.004476985058882867,0.004502234335045897
474,-0.0020691241343436815,-0.0011838487674318723
475,7.587188708195614e-05,0.0037993648417110667
476,-0.0017870447603450365,-0.0011871534335763652
477,0.00239564121206008,0.0016523338853706212
478,0.002082116841431836,0.004365933780671012
479,0.010974730853812058,0.011892945583034551
480,0.005032743055828266,0.009727853491100428
481,0.011612398125957778,0.008046344372313484
482,0.001821195737775431,0.009477594324406214
483,0.004974691849470257,0.00727026532640265
484,-0.0038841393653739967,-0.008292052262420696
485,0.00048626412053651526,-0.001600231198920069
486,-0.004286759883080589,0.0024270730880617607
487,0.0027880591977330208,0.002987192387579547
488,0.0005592021969358364,-0.002871195083873827
489,0.000550925822286416,0.002725325047293215
490,0.008047511947507921,0.010446778718447555
491,-0.0010504805189778341,-0.0034490507178092556
492,-0.0022022383444782676,0.0006526089165036135
493,0.002735730847442725,0.006132869834162173
494,0.003032047717678939,0.001316590531033097
495,-0.005282164486940822,-0.00020974855240958964
496,0.0004898721692081589,0.00453406804964496
497,0.0018143642997773216,0.003067121141662207
498,0.0034877574242064007,0.007715332312984616
499,0.0029147980061133547,0.005220905563404253
500,-0.002470236673358383,-0.0008575506087438546
501,0.0029640973414370195,0.006354996942826059
502,0.007596192035448082,-0.0015290163673526958
503,0.006336371984085086,0.0020263439265593383
504,0.0007442699133587761,0.00031712100251697167
505,-0.009008481535325127,-0.005933699856795557
506,0.004097610633586445,0.0029362064061961334
507,-0.006248121711224832,-0.0077255088054212625
508,-0.0005384422219509821,0.0013503665214717226
509,-0.004435016035743924,0.0005060855026297034
510,0.004988292613453449,0.00333724567496648
511,-0.003387231660389823,-0.005486785726539255
512,0.008421079456070023,0.006960294238585459
513,0.0061685707484084576,0.002699013358065158
514,0.0008203096908410007,0.000985774882537652
515,-0.0014124906284555426,-0.0015594882076083146
516,-0.006977792644185991,-0.00663582291148564
517,0.002429166346980592,0.0034944638699132085
518,-0.0013022211830439937,0.0020230605306906044
519,0.006233629845726423,0.004288655250190849
520,0.009151314672456721,0.013377555590945065
521,-0.002458763215587527,0.000404499100991582
522,-0.0024526390539327384,0.00034532531329507
523,6.425339361593123e-05,-0.0025388884547761273
524,0.006567619627930355,0.006120107745987911
525,0.003640475546594491,0.0012948599998319685
526,0.001352143004731521,0.002100121238335891
527,-0.002408939716700719,0.0006202514193518871
528,0.002056738771959517,0.0049993103540710414
529,-0.0008062110395297569,-0.0009483074507388212
530,0.001550594155645107,0.006419240943377995
531,0.001766271947398115,0.0003288813545332645
532,-0.004087578276828881,-0.0029721928322617172
533,-0.000901239594586522,-0.0007339562355385456
534,0.0001429454891160252,0.0009542805856914447
535,0.007614265699801702,0.008736961635645333
536,-0.01210122087159023,-0.009425934404470681
537,0.007726692145396406,0.008811818186172491
538,5.0629872089599163e-05,-0.0016676253669882643
539,-0.0009977972103757892,-0.0017969776967371395
540,-0.002502273652684331,-0.005797939367538716
541,-0.004508957990097583,-0.0021611748377603863
542,-0.00889259610113073,-0.004829481957117729
543,-0.0019212949818899355,0.0014650102088337223
544,-0.0022762751360270836,-0.002048190672202372
545,0.001059082478543906,0.007197761508900891
546,-0.0013990130213004195,-0.0010709147036145768
547,0.006219341208192068,0.005454887536412615
548,0.00327276061862892,-0.00042311519856458833
549,0.015802115097787693,0.016422015246100825
550,-0.003675758421592623,-0.006041467671315465
551,-0.01606528105329959,-0.016028223159530307
552,-0.006518767643485961,-0.0035972127021411554
553,0.00539851981110188,0.0012226893219916782
554,0.001702795157681308,0.0005517974934245975
555,0.0012210577949042256,0.009323963320906918
556,0.007329852771953988,0.0011360581966736016
557,-0.003274542165673843,0.0005719846047290935
558,0.005238175862952419,0.004935452344560583
559,0.004611200044471664,0.00026999009633344107
560,-0.005966573017542261,-0.0009810784040058978
561,-0.002230576033089579,-0.004118823479896146
562,-0.004744483502673441,-0.004954218401016568
563,0.0075663411404702135,0.006754246760848264
564,-0.0006710638679121425,0.0020539701760403507
565,-0.0031893127204078095,0.0010581719236629143
566,0.0007896541786701772,0.00039356603372844054
567,-0.004475572977938895,-0.0051791345496209696
568,-0.006570458036563267,-0.001791357293796818
569,0.007981617499327449,0.00775774625891447
570,-0.0019549513822706577,-0.0033581571647649873
571,0.007059820497564726,0.004943611617268155
572,0.007176405545107899,0.00813277889830454
573,-0.00043845485770919296,0.0008537756614218741
574,0.00652789187200597,0.011777478324107315
575,0.004377293550848022,0.00457040128658618
576,0.004671591142560907,0.002992314103941669
577,-0.0040191493867390085,-0.004018252803768734
578,-0.0019126353787047366,0.00042904448779248247
579,-0.0005436308083001314,0.0029401573516265687
580,-0.0002669246757529275,-0.0009129442456103058
581,-0.0016524864953579175,-0.0012198334417900737
582,-0.0008173450341395934,0.001874815905168858
583,0.0020228766652814595,0.004352816951519562
584,0.001515238295710517,0.003136906330924415
585,0.0022276336464319806,0.002022030356413708
586,0.00012830298277947472,0.00014773554531551412
587,-0.0037770837701953503,-0.004236519657157693
588,-0.002734090371068229,-0.001868803064247356
589,0.004739943192336865,0.0011603190814885621
590,0.0011569884288602638,0.005692363779145041
591,-0.014905132939203414,-0.017631826717943642
592,0.0028070521766408217,0.006724211080297499
593,0.005079953167200059,0.0045327422674790365
594,0.005374924387612739,0.007646007534736601
595,0.0017059587414939854,0.0020513174455261173
596,0.0011330280312060468,-0.00015809056533883334
597,-0.00035641448705985815,4.741143071752756e-05
598,-0.0003098455232073208,0.002468250246038401
599,-0.0020878852145162644,-0.002032483154339132
600,0.0021344584408908144,0.007318328676119977
601,0.005479024400469079,0.004902807036457946
602,0.006543027540348179,0.009645350721508775
603,-0.0061168270696290985,-0.002936657865819463
604,-0.0028855753112770333,-0.005334792568399758
605,-0.0018319363104133154,0.0013659622908366344
606,0.0053840270613384495,0.006313076887527055
607,0.007447004556809501,0.005565940731878138
608,-0.0014546922994000332,-0.0015030226694317049
609,0.002563657742701018,0.004308835540769832
610,-0.004295573012489283,-0.0014114763846873604
611,0.0003244030242382406,0.00438297704922216
612,-0.0056851947061249825,-0.003938176811467736
613,0.0031608084720672353,0.0029284518042112843
614,-0.004097451727666777,-0.000564574272974791
615,-0.0022334295386036234,-0.002927667672775472
616,-0.0013364157954058075,0.0018444159310111456
617,0.005070010762238578,0.0065743313203726166
618,0.0036080948462831482,0.005325641399581251
619,-0.0019396055215262222,-0.004142906098446325
620,0.009256279121735645,0.00519578163205829
621,-0.0019050759138414428,0.0009454249043386657
622,0.0016813140800149566,0.0021252094855122015
623,0.0038215194591159594,0.0023874212733702885
624,-0.003464468811022712,-0.0030688033581557266
625,-0.006219262472342406,-0.002902983811715868
626,0.0068773281367518,0.008579488303037827
627,-0.002547289235830302,-0.0011228905841057393
628,-0.002331562512382314,-0.0013857592111593355
629,0.003809410807234768,0.004838742157556423
630,0.0002429982893528392,0.0021486550400446457
631,0.0013934142550302675,-0.00016438409773800115
632,-0.0013077938474938646,-0.0010467894836040741
633,-0.002915710844427969,-0.0004839969058227105
634,0.003835588506791473,0.002949674943631754
635,0.0016094214255649502,0.0037564884711162715
636,0.00011430480291138493,0.002435437632189343
637,0.00020508387436860188,0.00425920033226749
638,-0.0011934003035605945,0.00024475655793482795
639,0.0006161162094798475,-0.003127830626215072
640,-0.0032912449731709137,-0.006170832431174013
641,-0.0029464963103151684,-0.005126181541013307
642,0.0007196163545507843,0.0003119675775124617
643,6.8856105757929e-05,-0.0010032856614108905
644,-0.0033042812266765244,-0.005919433058672616
645,-0.003457295174774928,0.0023933615462806233
646,0.001473123127106791,0.0051885238579050565
647,-0.0019479723017575411,-0.0016721242456626357
648,-0.0004612754056995046,0.001869536161405402
649,-0.006703603244543754,-0.007180184797929663
650,-0.010434331569914487,-0.0051653051729407505
651,0.0020678304868519204,-0.0027199457338346854
652,0.01078969586466494,0.01280266567821027
653,-0.010630112914816518,-0.006420629353784377
654,-0.0005539798691151163,0.00047152825157636334
655,-0.006957187240882145,-0.0077439033813813795
656,0.00017491392103622243,0.0006990472549666435
657,-0.0029990077980358376,-0.001673653228527541
658,0.003753625174784346,0.004144970419622036
659,-0.0022841437016664088,-0.002118603675381831
660,0.0026377420564547096,-0.0011522347793450954
661,0.003067317364925031,0.002447112709293976
662,0.007455490776121442,-0.0017592232251266574
663,0.0009665029832393213,0.007728328966315852
664,0.003102611730238411,0.004785023135800959
665,-0.00034389439623027377,0.0035064201520095756
666,0.004819659402141417,0.0060593282903994095
667,-0.006711211909438139,-0.005575491638118261
668,-0.0018327867658339395,-0.0012594001704433187
669,-0.0017840986323135026,-0.002830462920294457
670,0.0014282535015069252,0.002864969081323598
671,0.008181953748744444,0.010253392137109374
672,0.004901728951881333,0.004195359022413699
673,0.006635722092948703,0.0032339068282870257
674,-0.004736393178163649,-0.0004812299982622013
675,0.004187787089314093,0.009880901048739893
676,0.0025430963852365145,0.004440659747307611
677,-0.0004515429357786153,-0.000660279429711459
678,0.006176001384216675,0.0035625496789612686
679,0.0023561671609276316,0.00295545240105661
680,0.009096188837784212,0.005920818098499268
681,-0.004554845431563699,-0.0038704953994624283
682,0.008515717725052448,0.010357689877958053
683,0.012831199878485038,0.0175162990467913
684,0.0026877375455794973,0.0007107531789892597
685,-0.00019501285620380262,-0.0003584233303970631
686,0.007871619631615786,0.00527300484236512
687,0.0003679125009557222,0.0003187374792098535
688,0.00043204755450121764,0.002627256240959283
689,0.0021783705663433505,0.004397287470524127
690,-0.001240947305399933,-0.0024643132726572753
691,-0.0029037297145947973,-2.8276991112672203e-05
692,0.0043567411898893715,0.004506320039748094
693,0.0016732620686075168,0.0035493593334323596
694,-0.003892266411483778,-0.007574852311875235
695,0.0017442595232350195,-0.0012870769965376563
696,-0.002701840985473169,0.0016873870159971613
697,-0.0011116273452546983,-0.00598332839478101
698,0.0009953180964777121,0.00358950446446495
699,0.0013908812019809416,0.0013826815637907077
700,0.003863699335924235,0.005327829561987452
701,-0.0023394797899051406,-0.0029243384239051712
702,-0.0003306676758073774,-0.0002226342024128775
703,0.0017883548199975274,-0.0018448452224095772
704,0.0021326824371757295,0.0032513186572536447
705,0.0009628353230285032,0.004976132295518164
706,-0.01096503822852508,-0.006790326859106882
707,0.007628376671730407,0.010637167812201764
708,-0.00326023354162924,-0.005204704376368033
709,0.002936610605586587,0.007293187740460454
710,0.001722097191089443,0.0008183110606735854
711,-0.0033089348392667233,-0.004501059542996232
712,-0.00976241459847276,-0.00435299421959414
713,-0.0033694421371666798,-0.004348499033042946
714,-0.0036583849051430436,-0.002197204868850037
715,-0.0035610689650611336,-0.00013741292356111542
716,0.0014823407066399958,0.0007233243271252169
717,0.0008264837414084772,0.0010866015366914872
718,0.0029206289661805516,-0.00045805744499025054
719,0.014389275798117976,0.01853823479207211
720,0.005869893284585335,0.0016076242068820798
721,0.004414466019035427,0.00569067682670721
722,0.00409272339509065,0.008512286173162993
723,0.00041037861731608983,-0.0010230441660173991
724,0.00418101780637202,0.0051049315127255045
725,-0.0031815703952948315,0.0026054917257841478
726,0.009132455801155735,0.005888821341435235
727,0.004340020378564413,0.0061521641399409945
728,0.00021077488476800932,0.0022689209973926912
729,-0.0012252065700405564,-0.0030076353971160204
730,0.0027960566445924613,0.0025291829657917526
731,-0.003275527480926162,-0.004356984746892319
732,-0.003976493005961324,0.00028657770639976945
733,0.005251301024919135,0.004110609801391341
734,-0.004022843331093217,-0.002665020116373862
735,0.0005014414301228062,-0.0027865105732688368
736,0.0035965835599255556,0.0025651553506006656
737,0.001633219423898237,0.003905185442161745
738,0.0015983427711369928,0.018777768978723828
739,0.009275770580010816,0.015464188783314764
740,0.003580260911851559,0.007135132543434421
741,-0.004180725658554506,-0.006258543957379603
742,0.002856806591791555,0.017719456473628756
743,0.0018673766986943494,0.00216302299344448
744,-0.0031944522140037474,-0.009726507629966082
745,-0.0004675076801486868,-0.0012976199233739982
746,0.0013164475101725688,-0.000800037354243977
747,-0.0004922127645959129,0.0021581875274744896
748,0.004845951711064661,0.009794724763806653
749,0.004602202286717391,0.0037412697273755116
750,0.001345925558905189,-5.883528846671066e-05
751,0.002653815504179104,0.002473733313009639
752,0.005723636098868935,0.002959976923051121
753,-0.0028780197326253383,0.0001130425100796338
754,0.0031052465598690486,0.001694540450712299
755,0.005214141641746728,0.006724713125290772
756,0.01059315922563224,0.009396855555524258
757,0.0035098840409706626,0.0011196166579071744
758,-0.005008174913481973,-0.006739452952899553
759,0.0019529014790932934,0.005432278736033264
760,-0.0036315110701792322,-0.00010581171750410212
761,0.006093507393717957,0.008593562266948218
762,0.0014473669240821297,0.0012232362868773935
763,0.00038615127815094997,0.0033570843637966163
764,-0.00206425166674168,-0.0055320620322995145
765,0.0004480247038122195,0.00027355830230430347
766,0.0015439811429453667,0.0019475745636072309
767,-0.005618433444762285,-0.0022834664915362952
768,-0.006136338678362776,-0.005075090938802568
769,-0.002131821304065408,9.856424832365428e-07
770,0.0035787500091015246,0.0006569790110104937
771,-0.00861813636733147,-0.009936093175909553
772,-0.023834081271813825,-0.02101790934138729
773,0.00432923966039465,0.005278139339803153
774,0.0018254971214255737,0.0036815860377683806
775,-0.012343727865427263,-0.019704609966252555
776,0.0019439713916142342,0.0017193826291701446
777,0.0024913687869925548,0.00320135347838018
778,0.0035194924492736555,0.001999438284863387
779,0.0059424607695661704,0.0036529737338382665
780,0.005413073258735489,0.007468966921617473
781,0.005478333661470534,0.004496395670384627
782,-0.00833003715375593,-0.007962557211567522
783,0.0034724727604997507,0.006228316482838926
784,-0.0007476556236731545,-0.0002710097798958891
785,0.002383024433620528,0.007046962839266209
786,0.005547605030078973,0.005814350883924013
787,-0.008221815083379266,-0.007233342287585967
788,-0.010735743849090734,-0.007588918092821092
789,-0.001279120175844223,-0.0016821548428830552
790,0.010788179519514426,0.010719300110858206
791,0.007528215131089035,0.014422888089146747
792,0.003629135229033764,0.0045248630258784665
793,0.002062983880400311,0.0034158127706966756
794,5.656133802276966e-05,-0.00030950153479782224
795,0.005128845526271816,0.008595428143333611
796,0.0062288502861531595,0.0023947914135311723
797,-0.0030769910689363816,-0.005450399230957195
798,-0.0018650249897301909,0.0007880482573193378
799,0.003235480513563172,0.0028605769689817985
800,0.006924981330798539,0.009257824747644436
801,-0.005239132516621515,-0.0048583008874027505
802,-0.0021063463868843525,0.0004955753728969792
803,0.003116472322279391,0.004612097933362645
804,-0.006940306829949455,-0.008459629065381152
805,-0.010882467915502186,-0.008440087306422631
806,0.00968046913563887,0.012238623006747643
807,-0.007927179942831118,-0.007701965091548846
808,0.00026904325658745767,0.000988683760720479
809,0.006022675147796863,0.005982424085095851
810,-0.008657656811068472,-0.016011347343859565
811,0.0030692830444933716,0.0027600974104936165
812,0.006506547415766868,0.010093220588981123
813,0.005183435355879008,0.0027652214048573265
814,-0.005143742714287459,-0.008527396789855675
815,0.0007445003199130884,0.0026419590267765776
816,0.006751271315030197,0.011472665251419045
817,0.0006893667308929347,0.0009795347641369204
818,0.004007770473203365,0.0056568600577743475
819,-0.0014416535198582287,-0.0033980705294309388
820,0.004886929298376249,0.005400588424082554
821,0.004795059721566632,0.006773823036846719
822,0.0015789378415904205,0.0029300652399655465
823,-0.00031945601454421324,6.7409129763528195e-06
824,-0.0038968034673112686,-0.0010826431970512702
825,0.0032837196502252817,0.002642691792369469
826,-0.0025785799380800027,-0.004171318296855815
827,-0.0006600522691687256,-0.0027943407316270217
828,0.003528684062341887,0.00733359631084876
829,-9.450117143877776e-06,-0.0019458248822880428
830,-0.004185144254665765,-9.671606820771252e-05
831,0.002702578413677863,0.0060117690352419996
832,0.0003828535127853128,0.0004728190670882185
833,-0.0030064400765240137,0.0038331876998798486
834,0.010726059236982248,0.008378464217301295
835,-0.0020577761629590845,0.0013673825158366805
836,0.003133155516995562,0.00615467342803568
837,0.0027793233564252172,0.004696118804846248
838,0.0022040157088700826,0.005376047238962715
839,-0.00036013124985545276,0.001562288005973717
840,-0.006171780899730113,-0.0011715539452046594
841,0.00016048870907341156,0.001655111073261039
842,0.0035412280280930266,0.003540294641037357
843,0.015272084952985768,0.018694476767029865
844,-0.0006121251698023851,-0.004992747539410833
845,0.0016220450446139192,5.320095872900185e-07
846,-0.003728913554489328,-0.005027720655233722
847,0.0016498820224687188,0.0036471984122735963
848,0.00033368610405275456,9.454966719814536e-05
849,-0.0004013132768319995,0.00026494563531788683
850,-0.00436313941851231,-0.0057987407469366585
851,0.002920634308034554,0.005432045588959229
852,4.3700979998121334e-05,0.0003966724886763947
853,0.008083196502054074,0.010391368158442526
854,-0.00015806635609088958,-0.004234801760368982
855,0.003561278062272663,0.005844548937762941
856,0.0005966914485324566,0.0033564075471276627
857,0.003001478287499854,-1.523084569055241e-05
858,-0.003987346643376828,-0.0012029977236741225
859,0.0024120091568421015,0.006174157763967119
860,0.0007605634067959781,0.002381097265361271
861,0.00046539501353990895,0.0033524096235827733
862,0.0003929881523407546,0.0015606269233298027
863,0.003945038782596987,0.0071982381585196315
864,0.0011616627378567804,0.0010693237540040322
865,-0.0005527139583913842,0.015734295824446996
866,0.008086937527092986,0.0015919690083453823
867,-0.0035952406804779344,-0.004994815165265318
868,0.00673578874082599,0.01037229463725525
869,-0.004853644682882699,-0.005083764277318316
870,0.0011715225749236889,0.004975624287246051
871,-0.007690906085619854,-0.01545339285255239
872,0.0022197891322732195,0.003054661077607139
873,-0.00042644040801802506,-0.003579869275602366
874,0.002172324366191441,0.009851125271511873
875,0.0013939733002263617,0.0013632102542187208
876,0.006787301315589952,0.00715708049664879
877,0.000664294616207145,0.002536113818358187
878,0.003955230982264382,0.006116882393687546
879,-0.0029579700836790293,0.00907760654114439
880,-0.0014872015748064412,-0.005972832807145942
881,0.0012770292546254716,0.0011611398471300463
882,-0.0022626465141094773,-0.0027740906258012865
883,0.0009584636010092712,0.0076055319873305945
884,0.0006755155315932813,-0.0016301770543294992
885,0.00249950615129962,0.002226770944492677
886,-0.00048107710887391065,0.00340478151582756
887,0.002158818098687861,0.00036956331992154054
888,0.00016509104426272832,-0.00029153546727451026
889,-0.0029159135413453574,-0.004696953093155845
890,-0.0011239154976441974,-0.0007264652550740591
891,0.0038814262069694835,0.007046548370196727
892,-0.011186086133790936,-0.013114025845990144
893,-0.004477411066006057,-0.0076432940889825975
894,0.00372495093683477,0.004383279588192796
895,0.005992554699693255,0.0017561239942624014
896,0.0016407855657493077,0.004760137040885618
897,-0.004578311931472528,-0.006186635398277256
898,0.0023776261152302935,0.0033232021649474007
899,0.00252391257074427,0.0028842157931354994
900,0.0025671036984374206,0.0026947212091030896
901,0.007137467011359944,0.008152193805583342
902,-0.004487945864202043,-0.001818665684532249
903,-0.0025238702450881235,-0.0020618237829313235
904,0.0018226827790342117,0.0027272504969720435
905,-0.0027271028428492252,-0.0065189983539569625
906,0.00412938004642781,0.003024076242535158
907,0.004348213187053659,0.0005307369369754872
908,0.006912571378360222,0.006478990384174411
909,0.004354087324178247,0.006779208358665537
910,0.003937698809432772,0.00404553151038091
911,0.0013380839039428642,0.003789554713960587
912,0.0033203967441397943,0.002856258062659971
913,-0.003165685698300282,-0.0017247879392711914
914,0.001071661080757052,0.00351045707058792
915,-0.0006454670435421146,-0.0009129652769601388
916,-0.00378413470114589,-0.0009967451328125054
917,0.003631244832956628,0.0024791874955094185
918,-0.0008468740601811629,-0.0011813951544857265
919,-0.0028071724873729603,-0.004254166138894278
920,-0.000306119344443421,0.00013008942166980206
921,-0.0013017579241656454,-0.0037486525625067104
922,0.004304865039337696,0.005878044329445237
923,-0.0007770886784211031,-0.0011955256595482368
924,0.002879351642679985,0.0019647287987471563
925,-0.004692393213357863,-0.006782951534157793
926,-0.0006629475413730513,-0.004971599879621175
927,-0.0008504648069195236,-0.004200627738606543
928,-0.00016004248864149418,-0.0011324866891885027
929,-0.0015233823522409532,-9.635271376147718e-05
930,0.007697134315162902,0.009946871652740025
931,0.002226371785949698,0.006800997890886038
932,-0.006570543609365581,-0.006461437590532491
933,0.004692568590824124,0.003208256491737176
934,-0.002051460539977635,-0.005165416712221035
935,-0.0026625220219080245,-0.001634734767859206
936,-0.0005322277305521237,0.0011425929231439675
937,-0.004640065049718917,-0.0034461817089608774
938,-0.005260780893592814,-0.009519284064342569
939,0.007579132938155842,0.007243583240806479
940,-0.009071892731099313,-0.0122154301784181
941,-0.002734155214947298,-0.001354375854139584
942,-0.0005915024379014987,-0.0016050604479765326
943,-0.001578248304611193,-0.0023800094020192107
944,-0.013866147908522437,-0.016139487397182226
945,-0.0065591255117575685,-0.00480904422282647
946,-0.00047519177194144135,0.00026546228474088777
947,0.0014753277448200767,0.0007991580562807383
948,0.010727957468720236,0.013276380668734393
949,-0.005913475625050545,-0.006299870651161961
950,-0.004043275328307003,-0.006724934994709153
951,-0.008022417468021912,-0.008367317345697518
952,-0.003980516729079649,-0.0022237084957551128
953,-0.005187746489813009,-0.006069068784285408
954,-0.017133121070288432,-0.020274359611811555
955,0.007257801994464068,0.00690716907344334
956,-0.01226729299746692,-0.010802516870530953
957,-0.0003231309243029248,0.0033534282777773544
958,0.007872999181866767,0.008107428246590118
959,0.005055837962627267,0.006338602706152484
960,0.003709658005996319,0.01023348560655231
961,0.0013713673344201358,-0.002900440673304636
962,-0.0006719571829782048,-0.00361736191019302
963,0.005977793249428004,0.011612092129736245
964,0.00613005841174441,0.007207505850547547
965,-0.00016752044061372156,0.0018605288829838006
966,-0.009080768893978694,-0.011258192459633614
967,-0.007640128051679417,-0.009933047984575847
968,0.00047979471864183383,-0.0021625997079153985
969,-0.009432937068585829,-0.011274043156145861
970,0.008599950398308822,0.011131227276793516
971,-0.005265311353021052,-0.002892124370382801
972,-0.007449448597106151,-0.010077522623286624
973,-0.009088844036958836,-0.006975638345860938
974,0.006504902352095853,0.00839162441137784
975,0.0019277317955489711,0.0031258085833243913
976,-0.00024875067743904654,0.00035069067076026885
977,-0.004723110066666613,-0.005313921810603974
978,0.021185394089315645,0.01958189050954824
979,0.0021254422676564126,-0.00036121562191887503
980,-0.004306052573765044,-0.0013346260636617384
981,0.0017713156928323515,0.0053254274987119465
982,-0.024821749599509037,-0.027200361141880503
983,-0.004716806630760724,-0.005533290443239057
984,-0.0055290775565459555,-0.005692203971974328
985,-0.005639919891815302,0.002892828341789969
986,-0.005997960927905938,-0.00551043495582685
987,0.003989838861630101,0.004492132569394282
988,-0.011137516754047953,-0.014853432142660323
989,-0.005130159040525037,-0.01038610605837917
990,-0.014862129773917009,-0.012995445524889158
991,-0.0051710409362876126,-0.003922649424840682
992,-0.013921555817537873,-0.012944365003945059
993,-0.011877918394462107,-0.007705300316771916
994,-0.014378212789438596,-0.011215873843233116
995,-0.013750908566810941,-0.01131483334610543
996,0.02132642911418437,0.023171309718039476
997,-0.0010485632518588157,-0.0005845884459900805
998,0.019419588953084432,0.022561026188498517
999,0.002262734179006729,0.00587086113752016
