,0
0,0.00042974837433123726
1,0.0014972262758393454
2,0.002963246236981116
3,0.0012775456518458698
4,-0.002201828910520373
5,0.0005455607710423401
6,-0.0012418932306232468
7,-0.00865080100662521
8,-0.0023364478901398912
9,0.0037846300576470115
10,3.1512290573172334e-05
11,-0.0005619193904652167
12,-0.003149468225067055
13,0.006986205615372808
14,0.0013568943333733654
15,0.002310955264584416
16,-8.364559604290159e-05
17,0.000855536453171069
18,0.0013866055123516142
19,-0.001815787202366275
20,-0.002524805509483516
21,0.0018432214419346184
22,-0.0037866520242544224
23,-0.003366502461603935
24,-0.0022056603626517787
25,-0.012400208370045383
26,-0.000885605400079684
27,-0.014010630899756012
28,0.006485371877794331
29,-0.001725467635098473
30,0.005349196924816168
31,0.0026300805126981694
32,0.009125902317679206
33,-0.004724878627519806
34,0.0019079190283556723
35,-0.008940120478258462
36,0.0006717347293409529
37,-0.0016574597211257984
38,0.0027400932930773006
39,0.0031660239682916756
40,-0.001965212328576485
41,-0.0015368384385355638
42,0.008133727750054857
43,-0.0033603558688564154
44,0.002507672000966923
45,-0.0032627279956233923
46,-0.0025670958658231893
47,-0.008125859664013042
48,-0.002588220984007434
49,0.002488533691355715
50,-0.0013068032137143575
51,-0.008431438870321342
52,-0.004270409738886739
53,0.0015622342169016635
54,0.0036280499883715117
55,0.005846211201454492
56,0.0012834504494148762
57,-0.005450321189729129
58,0.004120130838609366
59,-0.0011471243438865948
60,-0.008399255521325128
61,-0.0016074801643417372
62,-0.0018448353811995966
63,0.007391356534537596
64,-0.0014106425653179326
65,0.0009609575502354013
66,-0.005811569465467432
67,-0.003863238124975673
68,-0.0059394079346749866
69,0.0033665732137876975
70,0.0031942515794539574
71,0.0025705402005896404
72,0.006650417354129003
73,-0.00027192319792551466
74,0.005154282912711203
75,-0.002845321508819688
76,0.0037045527950925893
77,-0.0029603096380620055
78,-0.0006381382992563495
79,0.0030230251214770397
80,-0.005219507832371694
81,0.008031950899317665
82,0.0007287762072091585
83,-0.00018080108855603538
84,0.0010673911088937313
85,0.010508603185591976
86,-0.0005443291343488038
87,-0.0047122864660040596
88,-0.008077369926249847
89,0.002099860629534213
90,0.000525979599081782
91,0.0006467177488851283
92,-0.0006983063947812669
93,0.002690927048862166
94,-0.003970729745755781
95,-0.0028698456982669427
96,0.006693860344118582
97,-0.002558019932848569
98,-0.0013565503089306434
99,0.0004349308682545961
100,-0.0014803619104009843
101,-0.0007339584865496991
102,-0.0037454189249120336
103,-0.0019500227280016625
104,-0.003888422603267603
105,-0.002502281092959842
106,-0.0009067950446648531
107,0.004221815057817017
108,-4.271407728934684e-05
109,0.00634750751761756
110,-0.0004247603262574363
111,-0.0018002451248057643
112,0.000937416560137973
113,-0.0019065732039666794
114,-0.0010391978835629192
115,-0.0025963331914757313
116,0.0019951734590153984
117,-0.004709660189426577
118,-0.0020725522697818406
119,-0.006716704411466956
120,0.0017813910555726587
121,0.001087900371902178
122,-0.0019336011913373753
123,0.004148934688099114
124,-0.0009001821865162515
125,0.001203464579490556
126,-0.00044350692867756105
127,0.0012859356453638466
128,-0.0034755567261519635
129,0.000693812925054413
130,0.0004611792180658937
131,0.003351254419660759
132,0.004006761102803349
133,-0.003110576946540645
134,-0.0011817565358695143
135,-0.002903372873532963
136,0.0006923426289135613
137,0.0012586040610898688
138,-0.00147927402191153
139,0.002716920636300462
140,-0.002661389339515535
141,0.0017932185289032546
142,0.0018976042395937942
143,0.0012563302003879356
144,0.0024746551377744265
145,0.0008381278594302813
146,0.0026295592145237122
147,-0.00039640726278826396
148,-6.6391058374035794e-06
149,0.00426425655891582
150,0.0007884031587702142
151,0.00022287331507311493
152,-0.0007333635832771456
153,0.0038493363426317893
154,-0.0005803293981789576
155,0.0027060985218272434
156,-0.0023760244096250834
157,0.00287859216306498
158,0.0015524751001237975
159,0.0007227627690631944
160,-0.003250176084126263
161,0.0019897897282627913
162,-0.0013550979867078686
163,-0.0005175379636593336
164,-0.0021487279828052578
165,0.006349833468945485
166,0.001469897054263408
167,-0.0006998019769090055
168,-0.00017918993711715534
169,0.0003722103388541115
170,0.004126924252936768
171,-0.0017492934047936173
172,0.0009887815614043553
173,-0.0009861213437523655
174,0.0009716745812258173
175,-0.0014043134755358359
176,-0.00040676034002128927
177,-0.006588183781138829
178,-0.00010576859633363402
179,0.004905222375935233
180,-0.002378266530437219
181,0.0014807090497070987
182,0.0007970404719879895
183,0.0001669524710463266
184,0.0011383848105002477
185,0.001379280661825785
186,0.0013291384144541896
187,-0.0028954694795851155
188,-0.0009721087545579963
189,0.0008954052842033526
190,0.0008012692201732828
191,0.005938098811782897
192,0.00041960485438597144
193,-0.0016837212206924845
194,-0.0004715757139457022
195,0.0030021905791290083
196,0.0001318756027512695
197,0.00046141258736024537
198,-0.007455918570892577
199,0.0011078958362621422
200,0.00015668643619405414
201,-0.0013623836247063483
202,0.0003823165613420107
203,0.003943535851258058
204,-0.002720489522947199
205,-0.0007127750246726174
206,0.0022629131441848013
207,-0.0009346766838395331
208,-0.0012069553073265162
209,0.0009258103213191901
210,-0.0021679687525918015
211,0.0018740796583238606
212,0.002080923583216023
213,0.002565038147394749
214,0.0025502494137850697
215,-0.001271222991378173
216,-0.00020299651829874438
217,-0.0008397202738824708
218,0.0011581875056419502
219,-0.0008203404780215387
220,-0.000869450742227796
221,-0.0008284317763313553
222,-0.004288064751599898
223,2.059237781940764e-05
224,0.0002632237531861855
225,0.0003348506941789584
226,9.543343064284238e-05
227,-0.0022539462614132462
228,-0.002713412939535333
229,-0.0019084646750579372
230,0.003236700474161112
231,0.0013951075715565872
232,-0.005476613912956734
233,0.0002365250330905418
234,-0.0019901090399232204
235,0.0021484777850927653
236,0.0007775713100863699
237,-0.003443020101721971
238,-0.0017804831854637058
239,-0.004415200014645995
240,-0.002099688316621592
241,-0.0014677788904332036
242,0.0037814280884683965
243,0.002382935595428875
244,-0.0010132366312492654
245,-0.00019583112428023553
246,-0.003876093904490541
247,0.005057984171954495
248,-0.0003664913829813333
249,0.0021399939867471885
250,7.537262833169628e-05
251,0.0012235623541401173
252,0.0016202493621335827
253,-0.0007276957142109108
254,-0.002935879331828067
255,-0.002737300993334989
256,-0.0011397103738003498
257,-0.0004963559186035154
258,-0.0007197688828313318
259,0.007512103891606413
260,-0.000364639115638116
261,0.001143852046959966
262,0.001660731628328255
263,-0.002300299438368189
264,-0.000517419394069638
265,-0.002243115271272547
266,0.0007845240896226209
267,0.0005479699969144195
268,-0.0005455679439514476
269,0.002259198142196401
270,0.0002863920820618692
271,0.002239090521873419
272,0.004247521768717191
273,-0.001166965237781878
274,-0.002995431189016468
275,-0.004105514421495772
276,-0.003247361536819775
277,0.004149595071723306
278,0.004826600472601354
279,0.0018410297666359638
280,-0.0023397875682968374
281,0.002678671884304559
282,-0.0011421516078320606
283,-0.004895523870820656
284,0.005386304267226171
285,0.0019298100858407999
286,0.0014413984046474757
287,-0.002620152162515431
288,-0.0007800756467369587
289,0.0006654236417309422
290,0.002176316087543157
291,-0.0012388822715414408
292,-0.000865337730408505
293,0.004349759269083248
294,-0.001138398740756068
295,0.0011455419375116386
296,0.002575996815087203
297,0.0005944439219739757
298,0.0007577081451510636
299,-0.00047205697803347587
300,0.0011275032270683261
301,-0.00018449622584004602
302,-0.0010504106415977774
303,-0.004006182704766151
304,0.001958527705891814
305,-0.00017203368683130243
306,-0.0018128896351449384
307,0.00025396946359529013
308,0.0025115056148234264
309,0.007075956837690672
310,-0.002761169104416218
311,0.0009192724955791262
312,0.00019334879333614098
313,0.0008978911484814105
314,0.005074445878058426
315,-8.77424262622168e-06
316,-0.002077301008934644
317,-0.00029203987512061845
318,-0.0012213156160323173
319,0.0019562163898847016
320,-0.0012974753122071635
321,0.0005743554169276221
322,-0.0040479016037064585
323,0.001070484741124067
324,0.004014918392152255
325,0.001461106780564554
326,0.0009683756608905179
327,-0.0010178790114020613
328,0.0016125487985659513
329,0.0007602957895810961
330,-0.002398995836312099
331,-0.0009897241827171856
332,-0.0004312914719118878
333,0.0013862837810871937
334,0.002208541180986392
335,-0.0005482060114912582
336,0.0032484675648350317
337,0.0021000564000709706
338,0.0003990174292932751
339,-0.0021639863954363574
340,0.0006962049976126598
341,-0.0017810048307144292
342,-0.00033013936836710946
343,0.0014409178231294547
344,4.520333554538406e-06
345,0.00023264454896529613
346,0.0018952244057628483
347,0.0019234172287443095
348,-0.0009156573554937913
349,-0.00014469652715958816
350,-0.0017094424599344799
351,0.0007286971832546355
352,-0.0008178360994495009
353,-0.001824935349859274
354,-0.0013068818416339142
355,0.00017385558596188553
356,-0.00034880832764993744
357,0.0006664121060197965
358,-0.0016848405587213235
359,-0.001531632787463739
360,0.005363253251218736
361,1.8508174818844767e-05
362,-0.0011496538904382308
363,0.0019527511837054716
364,0.003168609143709814
365,-5.7243512885974116e-05
366,0.0016832547003652106
367,0.0005765225426111261
368,0.002300698980511738
369,0.0005567210197467627
370,0.0025597224884474244
371,-0.000701770383077745
372,-0.0004025047116887663
373,0.0008417651501952152
374,-0.00039826060837332085
375,0.0002470275398624916
376,0.0006558964256348108
377,0.0018055286151684748
378,0.0007595221960193894
379,-0.0009683799370296878
380,0.00029612596925305586
381,0.003527429462412871
382,0.00010006240273965661
383,0.0008327783125060668
384,-0.002205316427601422
385,0.00038159230784008783
386,0.0005187870288384231
387,0.00030673044173225414
388,-0.0008341032714796233
389,-0.0007263502392248261
390,0.004275707234275646
391,-0.0028346842854140835
392,-0.001007784862387345
393,-0.0004097923757210519
394,0.00014413943975720938
395,-0.0002306973077124903
396,0.00308010007572451
397,0.0032999537476031027
398,0.00010299326737810809
399,-0.000426920579602575
400,-0.000773004419683133
401,0.0010798973685538786
402,-4.6857168319131394e-05
403,0.0005554388573775249
404,-0.00011988407232999591
405,0.0016908277103046055
406,0.0005720463309127641
407,0.0025712169645629784
408,0.0007925824130981972
409,0.00028368278815266265
410,0.0004911795409270301
411,-7.900930948188664e-05
412,0.003600596147971974
413,-0.002846812925992034
414,-0.0007318148962507098
415,0.0014876893878303888
416,-0.002811891519731805
417,0.0031113002108339527
418,-0.0012100695954992292
419,0.003185493855232385
420,0.002437729608859471
421,-0.0027773711933722378
422,0.000798651552829765
423,-0.0022294146672781614
424,0.00267875645287888
425,0.0007094726904850277
426,-0.004217907963584835
427,-0.0028517088376260307
428,-3.594303341942234e-05
429,-0.0035273098358236292
430,0.0014662891740174501
431,0.0003444971503496422
432,0.0014184440486252543
433,-0.001555632232299035
434,0.002401743106799849
435,-0.00032948394686749694
436,0.0015622560038893462
437,-0.0019492188984066353
438,-0.0013798170204842683
439,0.0009389307211103957
440,-0.0005728911614961387
441,0.0012249534310992433
442,0.002275224031476171
443,-0.0015596977864272012
444,-0.0008203510341221895
445,0.0019555530138457063
446,-0.0016323738133874781
447,0.0029856260100691485
448,-0.0021717482160542654
449,-0.0005779324099610478
450,-7.24634852178671e-05
451,0.001607985615264419
452,0.0001285264003017344
453,-0.0016001021543189577
454,0.002356460653511282
455,-0.0025807397133861694
456,0.0022293818567120285
457,0.0018695192764890541
458,0.0005651037287311238
459,0.0012368710734558075
460,0.002987810461993477
461,-0.001123145041230431
462,-0.0016261668678941607
463,-0.0012511343523911936
464,-0.003331650729716472
465,-0.0007119376902576817
466,0.0009461049586430703
467,-0.0011694491685385513
468,0.0016078182257565148
469,0.0004754125018211087
470,0.0010038902826044332
471,-0.0001522759186989339
472,0.0029425032496688294
473,0.0030768227844129893
474,0.00018883235976748286
475,-0.0025951971942085672
476,0.0022051985494471976
477,-0.00019154816061281048
478,0.0010354820462826061
479,0.0015051627987270092
480,-0.0010106844384199399
481,-0.0031919362245281385
482,0.0019708520163051117
483,0.0003966930045397231
484,-0.0028055333018697413
485,0.0007661551939513198
486,-0.0004759215451379358
487,0.0011594514956807913
488,0.0004317992740509366
489,-1.2469315076878923e-05
490,-0.001725289681626093
491,0.0006365549618299177
492,0.0010569734691912018
493,-0.0005035213422974429
494,0.0029893357501566604
495,0.0009507729205851439
496,-0.0035590594244208572
497,0.001068157310521318
498,-0.001065758410265028
499,-0.00044627839721972417
500,0.0023687571362977964
501,0.000492159265624101
502,-0.00029251885282200303
503,0.00028486996625879074
504,-0.0002402239112691081
505,-0.002494322397206486
506,0.003837821005265887
507,0.0003615880413174152
508,0.000508460018513077
509,0.0014925553314115423
510,-0.006776403531085883
511,-0.001076497998313287
512,-0.002709376994696039
513,0.0012366511044908217
514,-0.001005140346964929
515,0.0004005928028628456
516,-0.0003846638203485902
517,0.0028601247191407855
518,-0.00142081057624777
519,-0.0023638595192930476
520,0.0011616844369876618
521,-0.0029983552668004783
522,-0.0005554882095881659
523,-0.0019152908756111275
524,0.0034088942911577424
525,0.0028994370602109876
526,0.00135548924066172
527,0.0010503422108940211
528,0.0013530544169981255
529,-0.0014350964588072707
530,0.00201218028968772
531,0.0007976561434909822
532,0.0011925686903237276
533,0.0018134038854104486
534,0.0006000180783989974
535,-0.0010194326059032525
536,0.001025480524263248
537,0.0011733484423743076
538,-0.0007176671761371019
539,-0.0020295879836856774
540,-0.00022770135785260434
541,0.0005289036121416998
542,0.000254830264828881
543,-7.327386031251972e-05
544,0.0007381388917309976
545,0.0016915145718425575
546,0.000766084365952023
547,-0.00027137219100700533
548,0.0017221124129351952
549,0.00041456366617134157
550,0.0008191929294168842
551,0.00016388495967915897
552,0.002396038909542472
553,-0.002236654730254752
554,0.0011357651393766616
555,-0.001835239304184116
556,0.0013813386295248383
557,-0.00034664603599242257
558,-0.0020625278759686685
559,-0.002668549693360935
560,-0.0026217883231080368
561,0.00017500066454348114
562,0.002811977397975405
563,-0.002377862182918688
564,0.00016007443592346932
565,-0.001839722506498569
566,0.001977846935746676
567,0.0030838615522867366
568,0.0027590862517652918
569,0.0020319332879906553
570,-0.0006001568860946552
571,-0.0017461631562903032
572,0.0030294959113697766
573,-0.0020455195777793686
574,0.0004052469270861719
575,0.0035988050783838225
576,-0.0008276888792301222
577,5.064724584053481e-06
578,0.002441839481496508
579,0.0004073421477436192
580,-0.0004729875869161262
581,0.000425582029506781
582,-0.0005081373573400664
583,0.0014339738574589984
584,0.001423741390025953
585,-0.0014688340711103856
586,0.0012200289733763278
587,-0.0011079202860348478
588,0.0012996478684938772
589,0.0005498358062092328
590,0.0003766710484635549
591,-0.001375136197770359
592,0.005000575854595033
593,-0.0008672370165351154
594,-0.00016012651620467272
595,0.002799929892525101
596,0.0028872844739006747
597,0.004595315784268571
598,-0.0006270835960150985
599,0.0008167404713044789
600,-0.00018774670750019133
601,-1.604366685501299e-05
602,-0.001402791370869124
603,-8.043220755885678e-05
604,-0.0008389583255454483
605,-0.00411175196559387
606,-0.0010326527026097306
607,0.0058216246552145025
608,-0.0009864849457750912
609,0.002411173765107173
610,-0.0025602370407644243
611,-0.00043602623614753474
612,0.0015408079151240182
613,0.0026822949767198656
614,-0.0009249544156727665
615,0.0024723058222622394
616,0.0018199446747055275
617,0.0013111678875033896
618,-0.0013432133648827382
619,-0.001276943887085845
620,-0.0006764381270157127
621,-0.000409239483522282
622,0.0007669241468999153
623,0.000418762793217438
624,2.1315110857177992e-05
625,0.0005713793055019355
626,-0.0001929999436057602
627,0.0006618730702389589
628,-0.0028473107040639743
629,-0.001227040579207816
630,0.0011162039283855504
631,0.001818810093845705
632,0.0025087994362496583
633,-0.00021019551863639676
634,-0.001118028296845048
635,-0.002390165852421789
636,-0.0011578998138627769
637,0.0023167703587257124
638,-0.0008386280919669866
639,0.002184121081466345
640,-0.0009762422507678927
641,-0.0007895338933325147
642,0.0012861151825659578
643,-0.0007424900185741549
644,0.00048525328606978103
645,0.0018678783017223928
646,0.0014987539576268303
647,-0.000628282781431264
648,-0.00118192302529929
649,-0.0010441902520984547
650,0.0006821453234996844
651,0.0015504507678307416
652,-0.00019951579081098046
653,0.0005632655376080648
654,0.0023996417427193245
655,0.0012446075499661247
656,-0.00036076781825042825
657,-0.0008556228453161439
658,0.0004264325483605577
659,9.869433593364272e-05
660,0.00028111953569662365
661,0.001830263486338149
662,0.0008672339464934173
663,0.001656766711962326
664,-0.0011758825540817072
665,-0.00135565825951276
666,0.002562423621471767
667,-0.0010993230878102648
668,-0.0023521513144015523
669,-0.0028794682629833777
670,0.0013435991488952444
671,-0.0014554664897552783
672,0.0005452635150826624
673,0.002843568155979391
674,0.004057431663789695
675,-0.0003880363120314172
676,0.0011369027122179977
677,-0.0020758656534630637
678,0.0014761877267651026
679,0.0011084876008824248
680,0.001242797918362086
681,0.0018885153820860372
682,3.189636659524773e-05
683,0.0005821444245496147
684,0.00284014881204506
685,0.00038609487872151614
686,-0.00067322525383395
687,-0.0009774714279215423
688,-0.0015813968628342234
689,0.0023369080441536503
690,-0.0011411325457680423
691,8.26097754689568e-05
692,0.00027760855335655214
693,0.0015200840658173508
694,-0.0004939321378548089
695,-0.0008550452638483935
696,0.0007392752997193888
697,0.001476152478630882
698,-0.0023734345752255627
699,-0.0004955855800993069
700,0.0012703086132737258
701,0.0014180600901659796
702,0.0002455487783763532
703,-0.00284849230584484
704,0.00046973912800037874
705,-0.0016896996556669236
706,0.0004179757291995539
707,0.0006751662786348559
708,0.0003640256054576478
709,0.0021577082289792405
710,0.001312931012930964
711,-0.0007258371643018217
712,-0.0012550040403734287
713,0.001049315443404284
714,0.0031887841823546935
715,0.000549376364511477
716,0.00017346989677826505
717,0.0014099255987161268
718,0.001855024213678303
719,-0.0018411668735078578
720,0.0006407917633024686
721,-0.0029133711046966915
722,0.001954229508736049
723,0.0008977475037809388
724,-0.0005813024450128112
725,0.0028886978311142043
726,0.0033454132094734262
727,-0.0020281294313801964
728,-0.001048989789318745
729,0.002222419927790987
730,-0.0014531455547545959
731,0.0005276161288034783
732,-3.1399551222285914e-06
733,-0.0003419198787876889
734,-0.0017097287623109886
735,0.002553095394975279
736,-0.0007508061987765905
737,0.00021031724482474423
738,-0.0015755077134748986
739,0.0007659602239545232
740,-0.0010706737194900683
741,-0.0018104458647819094
742,-0.00015340479453775105
743,0.00020050017090390693
744,0.0015712593810828432
745,-0.0017027844123706857
746,0.0006657487218446997
747,-0.00021266991093216197
748,-0.0004802085349449266
749,0.0025165233645470767
750,-0.0004502458255834921
751,0.0014329691634568172
752,-0.0009066116960725458
753,0.002836884036799297
754,-0.0007376227911146523
755,-0.0005662000648399589
756,-0.000688787588056411
757,0.0010076742019190532
758,0.00011659834482137528
759,0.0003253957926988871
760,-0.0024319931305193192
761,-0.0010032265126254428
762,0.00026810720223541056
763,-0.0019350941784072567
764,0.002927679843098426
765,-0.0008911725794340605
766,0.0002582102866532011
767,0.000678449978537757
768,-0.00014262180431732485
769,0.0006939181743031848
770,0.002047135372795427
771,0.0003689579479745464
772,-0.0011234842044042668
773,-1.1028748029758571e-05
774,0.002106303449437384
775,-0.0010777545978446902
776,0.00010283649172312961
777,-0.0022843271510985135
778,0.000523156118305702
779,-2.5277313284474076e-05
780,-0.0013024003940308002
781,0.0002690003929368386
782,-0.0028732311926038478
783,4.828164183234432e-05
784,0.000964063346019857
785,-0.0009668936612169364
786,0.0009028895227438881
787,-0.0006269580378409739
788,0.00034498492075555487
789,-0.0015288615475569953
790,-0.001140731411025273
791,-0.0009222117078565758
792,4.322961469276161e-06
793,-0.0009928822526226956
794,-0.00037311370824688367
795,-0.0014469883789349739
796,-0.0023911156334865294
797,-0.0017366388952617944
798,-0.0021581842069412385
799,-5.707562733553199e-05
800,-0.0016723169985051582
801,-0.0014673428919782087
802,-0.0022329141354572707
803,0.00019036467106736226
804,0.0014257504077667162
805,-0.0002736328064015479
806,0.0013811947645236496
807,-0.0019608142033408927
808,-0.0014033540109753017
809,-0.00025628271581647026
810,0.00010544557633437545
811,0.0004967533821785719
812,-0.0009886671570258215
813,-7.906920455796426e-08
814,0.0009968207323972768
815,-0.00014483337730083231
816,-0.00044790536128805434
817,0.0007657590842583842
818,-0.0011814222696075408
819,-0.0013891508659777433
820,-0.0005325667374679893
821,0.001401038925465126
822,-0.0029513394344510805
823,-0.0007663461934370895
824,-0.0009543126750534635
825,-0.0002558847108602845
826,-0.001225734853881126
827,0.0018783076002182669
828,0.0004484729190236362
829,-0.0008084214863842732
830,-0.0014718187649233865
831,0.00041266467167841425
832,-0.0013096298576536153
833,-0.0010830858075977549
834,-0.0008767609563751506
835,-0.0020348711535514864
836,-0.0006431946482506334
837,-0.003661665558208934
838,-0.0016544693898945108
839,3.48767130862248e-05
840,-0.0023849905861122738
841,-0.0025882129719577026
842,0.001119502166055641
843,-0.002874718605329471
844,0.0006987210486303493
845,-0.00040491907316162824
846,-0.0006665301302600096
847,-0.00311115577083082
848,-0.005109261296410994
849,0.0012965863743174288
850,-0.0009911138844670999
851,0.0032361815924423845
852,-0.0020908501742779332
853,0.003052950986686392
854,0.0037454697468671757
855,0.0007222237101358297
856,-0.0012911610813115262
857,0.003279515020040773
858,0.000388336909792756
859,0.00046597719326951553
860,0.003096758812249502
861,-0.0011810662863010715
862,-0.0020985135627862414
863,0.0004727350671683896
864,-0.0012370154004254627
865,0.0002846859049247597
866,0.00011020206617197731
867,0.0002621761782060933
868,0.0008138985786910364
869,0.0015681140355383034
870,0.00015527325269288614
871,-0.0003993525926664781
872,-0.001679660012906693
873,0.0009612868113527811
874,0.0002906297508089264
875,0.002415404464970804
876,-0.000667873539818352
877,0.0001904720452975947
878,0.0006384029050302796
879,0.0001822995827813958
880,0.0007441344330795354
881,0.0016673711442486425
882,-0.00025410459437726865
883,-0.0006285966685245164
884,-0.0015292415982711307
885,-0.0008118259530524624
886,-0.0008653107623033567
887,0.00253270184858414
888,-0.0035504029878803967
889,-0.000675699400091805
890,0.0029754009553795958
891,0.0002856568485260226
892,-0.0012074561178858146
893,0.0001883952621676935
894,-0.0025670553268652605
895,0.00016923320858899983
896,-0.0019359769049361545
897,-4.0305027325050745e-05
898,0.0004272134706434112
899,9.237328919350461e-05
900,-0.0007808969309921013
901,0.00027793332343037884
902,-0.00038989034513126
903,0.0013270235980983665
904,-0.0024639562899843644
905,-0.001345267764506221
906,-0.0023851173975501616
907,-0.0016022783098840442
908,-0.001090327153815349
909,-0.002215367903363754
910,0.0020632770542723493
911,0.00209908390809578
912,0.0013644311704621007
913,-0.0007727993423452332
914,-0.0004532968931065397
915,-0.004197814248669615
916,-0.0016119997600418676
917,0.005904472879648463
918,-0.0005092883467719864
919,0.0005062036929155854
920,-0.0005902819505720456
921,-0.004117535466457264
922,0.0021103915597779133
923,0.0028927997638056964
924,-0.00031272686394583446
925,-0.00020792022458119663
926,-0.001746134386144109
927,0.000764783143359924
928,0.003251055667687354
929,-0.001183283230957431
930,0.0015527944902859075
931,-0.0014953878754393366
932,-0.002412029057792101
933,0.001089763955985204
934,-0.0006341152098292337
935,0.002263342872276589
936,0.0021563509903525916
937,0.00017271631238874988
938,-0.0026584424648043465
939,0.003122260392580143
940,0.0035278502272413142
941,-0.0009859599270375457
942,6.145774893523983e-05
943,0.0030354550310022865
944,-0.001216881971698538
945,-0.005607008836931372
946,0.0024366470637364962
947,0.0012936898226252607
948,-0.002055486079633086
949,-0.004102808267358854
950,0.0007902378559361214
951,-0.003637378653011197
952,0.0037436295354241035
953,-0.0020576954180144234
954,-0.0036252446510344326
955,0.00426145544917645
956,-0.002559518797385792
957,0.002999798565359499
958,-0.0038000218692445884
959,-0.0009750005851560969
960,0.005565746762337157
961,0.004293312649544619
962,0.0029627410038200975
963,0.005134238929582619
964,-0.0017572399295268614
965,-0.005600418714522212
966,0.0011101275088337712
967,0.0026216372926393546
968,-0.0046318096966003084
969,0.0004135951399240303
970,0.002853667719767091
971,0.0035345515424411132
972,-0.0036181056855353715
973,-0.00039276216055141874
974,0.0011108117096601448
975,-0.0018414002979627157
976,-0.002249473727620844
977,0.0023265703374918687
978,-0.001980082453266357
979,0.0026914254057640087
980,0.0004736111273651793
981,-0.0008291385736614482
982,0.00028564691432140176
983,0.00018600934871862247
984,-9.396652269952737e-05
985,0.0004516227020071502
986,0.0008099129208227502
987,0.00197769137416219
988,0.0018256936144573368
989,0.0018954622461578854
990,0.0003805313086547061
991,-0.0008747644888131107
992,-0.0005744084956188213
993,0.0031445454699287217
994,-0.002249074164117131
995,0.001600507695064655
996,0.0002467111233924856
997,-0.00014479910541780175
998,0.001941565880043406
999,0.000315172406385046
1000,0.0024128926601367476
1001,-0.0008971840316488133
1002,-0.0010017126142530055
1003,-1.4196495006761727e-05
1004,0.0013926779981580635
1005,-0.0010006401707750284
1006,-0.002898664790311239
1007,-9.716989759365152e-05
1008,0.001452518729432831
1009,-0.0019395797117322902
1010,-0.0007396612585054426
1011,0.005241107347875215
1012,0.004023461630173857
1013,-0.0023383033164278144
1014,-0.004903914485684715
1015,0.0009037597940966072
1016,-0.002389658233825589
1017,-0.0004705578471431159
1018,0.0014208230146268294
1019,-0.00214808443070535
1020,-0.001905433666548669
1021,-0.002548332834464303
1022,-0.0027235268315153826
1023,0.005045570173881378
1024,-0.0022048680996365707
1025,0.003942517688022012
1026,-0.0031296707772799776
1027,0.0012101669066385413
1028,0.0003123960152004447
1029,0.0005011281553966183
1030,-0.0017548814527121516
1031,0.0010573538351933663
1032,-0.000849689424256934
1033,0.0006905475009930349
1034,0.0014782781311794503
1035,-0.002423382628053895
1036,-0.0026628248927133237
1037,0.000559804051044014
1038,0.0020648388079217237
1039,0.004097128572573876
1040,-0.0008571237292442396
1041,0.00035444402001823917
1042,-0.0017542734773942329
1043,-0.0002701794101579802
1044,-0.0010229068998537213
1045,0.0019824253694530284
1046,0.0009515142245005
1047,-0.0017283439857545186
1048,0.001843881706633361
1049,-0.0001748672456577062
1050,0.0014437161400630866
1051,-0.00019118460203710984
1052,0.0008195188748005552
1053,-0.004783243344585859
1054,0.004610123672665302
1055,0.0009991014391975005
1056,-0.0005144143678583516
1057,-0.0026881526535318394
1058,0.004396479476828447
1059,-0.0005738031123375683
1060,-0.0016871795949848414
1061,0.0005077568311413842
1062,0.00019435052437474787
1063,-0.0013441789203974062
1064,0.001476684230124023
1065,-0.0022331098716115183
1066,-0.0028647353433668378
1067,-0.0012979659740900687
1068,-0.0002926317969178118
1069,-0.0013753334178956832
1070,-0.001265277262685318
1071,0.0021793712732940205
1072,0.0002154460568093583
1073,-0.0026901565431471076
1074,0.0005070691027491436
1075,-0.001986633805285707
1076,-0.00028104648420868445
1077,-0.0022592214351292474
1078,-0.0010037526881954831
1079,-0.0027286716574550173
1080,0.0021220310085720093
1081,0.002351081458947194
1082,0.001135752971196146
1083,-0.00013703962229139204
1084,-0.0025312639941231342
1085,-0.0010101729464056968
1086,-0.0028278895568524965
1087,0.0012207964936763451
1088,-0.0004606255508266943
1089,0.0007228149253444012
1090,-0.006893262828430167
1091,-0.00514755086459463
1092,5.1438350130198426e-05
1093,0.0004794074774289912
1094,0.0007849100146433161
1095,-0.0017860514029532139
1096,-0.004715245902436297
1097,0.002922197311260005
1098,0.00031656948862224146
1099,0.00045335214452709387
1100,-0.0018457577206603957
1101,0.003086301726046236
1102,0.0019066516028397728
1103,0.00024012782917442292
1104,0.004030365625179441
1105,0.0025520588807938127
1106,-0.002960406479012933
1107,0.0011102730781954412
1108,-0.0025027871543723203
1109,-0.0006751253020165492
1110,-0.00201786853048003
1111,-0.0026101013038269697
1112,-0.0009315502025404735
1113,-0.0029553898389535673
1114,-0.003922435547881132
1115,0.0002865830679582405
1116,-0.0009257087576259934
1117,0.001109000172657345
1118,-0.0011068162661729576
1119,-8.741742750162525e-05
1120,-0.0012524589127965936
1121,-0.0015764179589727017
1122,-0.001248817511746858
1123,0.0014924066672619989
1124,-0.0008620423335368948
1125,0.0021569038327847764
1126,-0.0011172641098231263
1127,0.0007469077584871705
1128,-0.0006611973885850076
1129,-0.0019090979215613728
1130,4.5742877308929825e-05
1131,0.0016129309146604653
1132,-0.00026731762835012593
1133,0.005726693240642889
1134,-0.0025551966887533643
1135,-0.0030909251332457864
1136,0.003793315629366823
1137,0.002177205926685266
1138,0.00333350093861537
1139,-0.001429436086021329
1140,0.0018102109111913527
1141,0.0011535673448928641
1142,-0.000923188450249711
1143,0.004523535830828456
1144,0.0029220232364685025
1145,-0.002004239619944117
1146,-0.0013868992858208653
1147,0.004613327960032035
1148,0.00045748554157118166
1149,-0.005423685535811474
1150,-0.0010655308622884137
1151,0.0007574034342331353
1152,0.000800068727403159
1153,0.0008833551608858233
1154,-0.0012950258630331185
1155,0.002095099215099368
1156,0.004354503358672716
1157,-0.0022759202022444554
1158,0.0018735185279763669
1159,-3.436433731078707e-05
1160,0.0011085215870761346
1161,0.0006431685143902304
1162,-0.001191984506270798
1163,-0.0015434687488212983
1164,-0.0036516200215206507
1165,-0.0018637088139303007
1166,-0.005543937118195519
1167,0.0035354951991404533
1168,-0.0020340213912705073
1169,0.0017376385805031396
1170,0.0010900926393840658
1171,-0.00357117912471276
1172,-0.004827903779380883
1173,-0.007160869123321606
1174,0.0034558898726867624
1175,-0.006547403921379328
1176,0.0018663548611446876
1177,0.005642125863809682
1178,0.0023027253609359008
1179,0.002184669864668653
1180,-0.0009223147674360675
1181,0.0021075254966545403
1182,-0.0010517415286132599
1183,0.004643794064345666
1184,-0.00255275368975961
1185,0.0022966150863416
1186,0.002813960777645698
1187,-0.0026293598598653776
1188,-0.005046053939962841
1189,0.00044275684162990004
1190,0.000993906160654961
1191,0.00010647411564431103
1192,-0.002157357877297009
1193,0.0028476664165976526
1194,0.0024061255149978185
1195,0.003955823302545973
1196,-0.000656699065215479
1197,-8.912037196509353e-05
1198,0.0014508452688714892
1199,-0.0018441548337988017
1200,-0.002306484739658225
1201,-2.730609243815991e-05
1202,-0.0006821706594410687
1203,-0.0026315533394253247
1204,0.0029086160525182516
1205,0.0010687591348111575
1206,0.003953198215552743
1207,0.002852310354252943
1208,-0.00026670779341321293
1209,-0.0016912096940620103
1210,-0.00017704453499203403
1211,-0.000427402228666421
1212,0.003734238129832968
1213,0.0008164298886273394
1214,-0.002589245556936304
1215,0.0005499639932703528
1216,0.004718182442063272
1217,0.0017258632649646407
1218,0.0003425588210820444
1219,-0.0006793329595814569
1220,-0.0013859645302366234
1221,-0.0017575746266405231
1222,0.0011812375453038573
1223,0.0012743158850276684
1224,0.0038086590619229987
1225,0.00034842360139587493
1226,-0.005225763104786664
1227,0.001872548998072019
1228,-0.0015405846391499851
1229,-0.0007168916488804173
1230,0.00026904611315986055
1231,0.0013376852654959288
1232,0.0014503193473010532
1233,-0.0010846611474941916
1234,0.00022777419413934761
1235,-0.0004988864596905043
1236,-0.0006929618629919681
1237,0.0026976432467324548
1238,0.0016148042390139565
1239,0.0001169563541359032
1240,-0.0005041505655779802
1241,-0.003433218472180159
1242,0.0039684240839955205
1243,0.0008848382938480125
1244,0.0017869588857213601
1245,0.0007627705296833523
1246,0.0006315502196960987
1247,0.0020425438907578784
1248,0.00031941654239378743
1249,-0.0017321256023879006
1250,-0.0037414627885716993
1251,-4.253301981146306e-05
1252,0.0011112728429650861
1253,0.00046186423044341807
1254,-0.002215177139661574
1255,-3.036882442924652e-05
1256,-0.002708852085863842
1257,0.0007308944956080512
1258,-0.0007468875504805429
1259,-0.0006347160339230365
1260,-0.003625932954943136
1261,0.0020814779169503403
1262,-0.0011036439698505014
1263,0.0010341040957759326
1264,0.0003290320440076396
1265,0.0005404663748521405
1266,0.0004492565341791774
1267,1.1677721323334991e-05
1268,-0.00024720719230051085
1269,-0.00025219480689815253
1270,-0.001227622934806496
1271,0.0035022689747731196
1272,0.0017328703493036837
1273,0.0003163134232067476
1274,0.0010692468786721297
1275,-0.005056409465007109
1276,-0.001211912628327687
1277,-0.004382807327167221
1278,-0.0042836491881015504
1279,0.0006536814380594055
1280,-0.0012804279350565329
1281,0.0027386451929338916
1282,0.004119106873071261
1283,-0.0016297331175045041
1284,0.0011469256455961282
1285,0.0029036385247634667
1286,-0.009031786045210467
1287,-0.0061934367713386675
1288,0.004316668657480201
1289,0.004092133136444085
1290,0.0009408491039248912
1291,0.0008393143988184849
1292,3.707290865150738e-05
1293,-0.0026607319251146433
1294,-0.00459824609193245
1295,-0.0008640106603579671
1296,0.0024080398542072217
1297,-0.0015842892162890349
1298,0.0010891397883552145
1299,0.0013796947836471898
1300,-8.627643069527378e-05
1301,-0.0022770283018430848
1302,-0.0011608783467441414
1303,-0.0018326293341042747
1304,-0.0005726866984614018
1305,0.001849662307532176
1306,-6.93275811720366e-05
1307,0.0017489924658901567
1308,0.0013182178807625824
1309,0.007855048959663002
1310,0.00039057519652645943
1311,0.0014277704249724358
1312,0.0018478717453261498
1313,-0.0027244268295595077
1314,0.0023277864900285803
1315,-0.001960351707654874
1316,-0.0014503903574583363
1317,0.00012800183888815042
1318,0.002333504322699469
1319,0.0016221816524460365
1320,0.002137201477169359
1321,3.718039282313978e-06
1322,0.0011125923509791625
1323,0.0007977183016420878
1324,-0.0011880063866449887
1325,0.00047091803611360984
1326,-0.0004859470801949278
1327,-0.0014697368042278656
1328,0.0025246487823379735
1329,-0.0016836854663559286
1330,-0.0008221617845362745
1331,-0.0003586724915768511
1332,-0.0030359694714416066
1333,-0.0005958957785858757
1334,-0.00012276199710356154
1335,0.002205547638185837
1336,0.0009584395863938632
1337,-2.9739955059665306e-05
1338,0.0018297337238688813
1339,0.0006340900361660336
1340,0.0015721932505351763
1341,-0.0012607215689446674
1342,-0.0029727573835082706
1343,-0.0022157446976100977
1344,0.0006869625982812318
1345,0.0022534899213388945
1346,-0.0028485813513053964
1347,-0.0015325927216315622
1348,-0.0010169732367520015
1349,0.0013903118480330723
1350,0.002578076575948445
1351,-0.0009469978969545118
1352,-0.0014577918048670393
1353,-0.003184676298472342
1354,0.0021828433359803055
1355,0.0006480343847569372
1356,0.0015048628110854773
1357,-0.0004468305532301251
1358,-0.001358379686346856
1359,0.0022480978637489037
1360,-0.0019408211823148489
1361,-0.0008777812219145656
1362,0.001129711034556462
1363,-0.001301079840807816
1364,-0.0023168247739356455
1365,0.0006539646927607876
1366,0.00053905535575873
1367,-0.001122105122228961
1368,0.001037093968857214
1369,0.0026528649842414423
1370,0.0005372585716204104
1371,-0.0029438402718836728
1372,-0.0011512490752954522
1373,-0.001115596133920679
1374,0.002944313597413997
1375,-0.0010561125123666225
1376,0.0008487238032860909
1377,0.001056687479968379
1378,0.0028722900105270493
1379,-0.00018679639456215991
1380,-0.0008698001854827318
1381,-0.0010346799692112873
1382,-0.00150878310375652
1383,0.0005823120881813638
1384,-0.0035099190293416275
1385,-0.0004960536116427471
1386,0.0002615034786999805
1387,-0.003361764657592835
1388,0.0012360520520827796
1389,-0.002275392841492343
1390,0.00101540838175777
1391,-0.002858457684631009
1392,-0.0004649853667249577
1393,-9.310605758058506e-05
1394,-0.002060683366739256
1395,0.00222289809200262
1396,-0.00036568625546571216
1397,-0.0017861409178436018
1398,0.0032816328545500076
1399,0.002055404580658558
1400,-0.0014961160409568725
1401,0.00017101071077675292
1402,0.004011565344258369
1403,0.0014054399952899595
1404,0.0015773453397258225
1405,-0.0004619945579336584
1406,-0.0027114125594388003
1407,0.0024589578391043627
1408,0.001652761082848158
1409,-0.0011018400449097291
1410,-0.004542389403198629
1411,-0.0006275399336951345
1412,0.000459260772783785
1413,-0.0007490794046177545
1414,0.0021638873131017656
1415,5.86480756283487e-05
1416,-0.0009455340835104549
1417,-0.00013294944143420382
1418,-0.0005104761107774698
1419,0.001532099276828061
1420,0.001527929868297342
1421,0.0015669925327126122
1422,-0.0037411019593463148
1423,0.0036647597481748546
1424,0.003892058488976336
1425,-0.001201303394191664
1426,0.0004958698833184224
1427,0.004569425102934578
1428,-0.0011993796343825903
1429,0.0037693704142182337
1430,0.00014545274666434886
1431,-0.001025179797060179
1432,0.0038050068482841245
1433,-0.001690933279059437
1434,0.0016287133914437626
1435,0.0020771735923949502
1436,0.0018559044021563542
1437,0.0005719968559296527
1438,-0.000626536537116362
1439,-0.0004616075527444727
1440,0.0014339190301311765
1441,0.0010971221426639998
1442,0.0033346034803769667
1443,0.0005113754946902008
1444,0.0027433325544540367
1445,-0.0008021442837910149
1446,0.0010800211953162725
1447,-0.0008633187879767039
1448,-0.0006494740761520627
1449,-0.0031559785086214542
1450,0.001977582160606791
1451,0.0015838867254769802
1452,-0.0008662671585874011
1453,0.0004003758373693999
1454,0.0022253523925021786
1455,-0.0010896526590519066
1456,-0.0006100711919623244
1457,-0.0009786298620264276
1458,0.00021428251517273788
1459,0.0027638983496689365
1460,-0.002146151306399268
1461,0.0018301490663692405
1462,0.0010556254840493246
1463,-0.0011090948681102932
1464,-0.0004985054521449206
1465,0.001328679468886816
1466,0.0004413460378588825
1467,0.0006551239088572119
1468,0.0002652528283535867
1469,0.0022211879050644933
1470,0.0034271399702900177
1471,0.002975269544877653
1472,-0.002658832576484405
1473,-0.0008960158758515197
1474,0.0033192504610429214
1475,0.0020395566584277573
1476,-0.00019862181944190342
1477,0.002333994142753073
1478,-0.0017554698777589427
1479,-8.698100463576497e-05
1480,0.0004859254839837256
1481,0.00013836895508951183
1482,0.0003014680533006664
1483,-0.003130503136537381
1484,0.0023714922400155233
1485,0.0008614665662508776
1486,0.0002096742079335364
1487,0.00011508082337728103
1488,0.001100554128750536
1489,8.01833415252404e-06
1490,0.001083322329495726
1491,5.476969669122588e-05
1492,0.00018768284506382572
1493,5.5983059564061815e-05
1494,-0.00047059551365479326
1495,0.0009105006059533892
1496,0.0024762770449693198
1497,-0.00013496420722188782
1498,0.0031323094646650276
1499,-0.0016583876380027514
1500,0.00498158948518199
1501,0.0016032645877525145
1502,0.0019536938697765228
1503,0.0005597796711067641
1504,0.00039189734990884625
1505,0.0006542515737762683
1506,0.0014697157348824504
1507,-0.0010647980449621228
1508,0.0009033993410129274
1509,0.002513439369721916
1510,-0.001269029966146687
1511,-4.060859726935168e-05
1512,-0.0006050056596593205
1513,-0.0011080836839359564
1514,0.0011946831224762594
1515,0.002521236241248671
1516,0.004989431734954978
1517,0.00371661233157821
1518,-0.001808127601635604
1519,0.002451174673473668
1520,0.0017218493329824228
1521,0.000848849696833808
1522,-0.0006185072691128142
1523,0.0001435641042337673
1524,0.0006226473086919733
1525,-0.00026941505159182473
1526,-0.0010178848305961207
1527,0.0002667752824099986
1528,0.0006662082606180406
1529,0.003812399160375457
1530,-0.0005273707193305269
1531,-0.0011267043693472551
1532,0.0004753337063981458
1533,-0.0031556996315658197
1534,-0.0017238853639185252
1535,4.460468276127959e-05
1536,0.0021067326885673607
1537,0.00015696812323279133
1538,-0.00403520277062928
1539,0.0009270553440507696
1540,-0.0004635052863325263
1541,6.271762784111122e-05
1542,-1.8218973205009304e-05
1543,0.0008146621969176509
1544,0.0003168846169884844
1545,0.0007069379573770785
1546,0.0022294907192351074
1547,0.0012479494607606065
1548,-0.000927395178264239
1549,0.0008574090564609535
1550,0.0010542628757042244
1551,-0.001338594559797674
1552,0.0005488458208641663
1553,0.000927546617402461
1554,0.0015634479501565395
1555,-0.0003365207233719378
1556,0.002892016902688945
1557,0.0013475639167492726
1558,0.000970178161270203
1559,0.0007357505240676874
1560,0.0008589695011675883
1561,0.0019150331238362993
1562,-0.0014135308954633683
1563,0.0027637213377251857
1564,-0.002823806522503125
1565,-0.0021307846399869824
1566,0.0015012285730913318
1567,0.00041729134525262914
1568,0.002237396745012601
1569,-0.001286325232765861
1570,0.0017109727403938906
1571,0.0006562086692070338
1572,0.0006520561508145828
1573,0.00086750171294576
1574,-0.00038910684347179085
1575,0.0018699108982943074
1576,-0.003308589771244174
1577,-0.0005424907705231588
1578,-0.0015491902536255637
1579,-0.0014983560699688566
1580,0.0005920911453859268
1581,-0.002937639254316539
1582,-0.0005930951631177776
1583,-0.0021193895361674973
1584,0.0019493165201574054
1585,0.001044129335617555
1586,-0.00027380446811319794
1587,0.0024147189333347534
1588,-0.0021228162795934665
1589,0.0005696233528975445
1590,0.007757247415261497
1591,-0.0005572973299916395
1592,-0.0017458460437859344
1593,-0.0004106088951877096
1594,0.0009424669758476119
1595,0.0006444244448120177
1596,-0.0008946441545636913
1597,0.0009077575604308163
1598,0.0018174282101546045
1599,-0.00045683223950331595
1600,0.0013442682800568569
1601,-0.0005374068567821131
1602,1.830104506128506e-05
1603,-0.0019501580444916385
1604,0.001596548028382689
1605,-0.0001752514374419763
1606,0.00021637735697852952
1607,-0.00043609608868938805
1608,-0.002354369169033791
1609,0.005409390923507387
1610,-0.002624312044343988
1611,-0.0013434481464449934
1612,-0.0011668019448403384
1613,0.000930388149639699
1614,0.001869735122515422
1615,-0.0017425261133570894
1616,0.00041052874228691163
1617,0.0006294966861896334
1618,-0.00157541833039527
1619,0.0002764315604177626
1620,-0.00026472869667265147
1621,0.001037549066621597
1622,9.692782727762753e-06
1623,8.15455932170071e-05
1624,0.0012167005214054566
1625,-0.001361788759770418
1626,-0.0018860393969371198
1627,0.0005312488428280005
1628,0.00046554626953441546
1629,0.0014393017306211604
1630,-0.0009012605663500698
1631,0.002249066392730959
1632,-0.0015261382119142052
1633,-0.001603965793944141
1634,-0.0015181981552120736
1635,0.0012834788244657732
1636,0.0004704406020828813
1637,-0.0015794924336986753
1638,0.0013535954762915004
1639,-0.003530442035130555
1640,-0.0012886033743653236
1641,-0.00195621100528506
1642,-0.0013743730830811309
1643,-0.0015191116265408087
1644,0.0005584628084103944
1645,0.0006606068829063215
1646,-0.0003105535643715246
1647,-0.0018935734882391593
1648,-0.0005381233229522185
1649,-0.0028206392564137667
1650,0.0023659083541815785
1651,-0.00024021788135463796
1652,0.005042558420824719
1653,0.00045117419267736325
1654,0.0035250010917151826
1655,-0.0010811533018401593
1656,-0.0019952127499742005
1657,0.0005634427876720095
1658,-8.775898342670275e-05
1659,-0.0012676124220275514
1660,0.0003326610786528126
1661,-0.0009455500113254133
1662,-0.0007462673131503973
1663,0.000578002400084988
1664,-0.00040632196393759274
1665,0.00019260468600561668
1666,0.0007299708838951826
1667,0.00017425415524586517
1668,0.0001232970995988424
1669,-0.0009450801217123625
1670,0.004145716387071103
1671,0.0013247421480417428
1672,0.0007996830308712859
1673,-0.0007309517465408331
1674,-0.002637007929827322
1675,0.0006618080885021515
1676,0.0016760073059069237
1677,0.0007642640450562132
1678,0.003001875956200367
1679,0.008150121248226309
1680,0.0021562007337807736
1681,0.0017419070117059411
1682,-0.0006858991823405188
1683,0.002677699733857574
1684,-0.0003394866046084649
1685,0.0028228509662128498
1686,0.00047909873818811335
1687,0.0002619477367981762
1688,0.0031436846575999917
1689,-0.0011111301201536603
1690,0.004305469009342759
1691,0.0010774248063855052
1692,0.0017076131854643056
1693,0.0026211316644519957
1694,0.0024516301625670325
1695,0.00044831472663578486
1696,0.0022123191965611926
1697,-0.0023853145742789975
1698,-0.0006362232337197031
1699,-0.0012995823771563316
1700,0.002077142649136474
1701,-0.0024431215233807224
1702,-0.0035961556862104866
1703,0.0005036194439353092
1704,-0.0031042457987505425
1705,0.003301823232326442
1706,-0.0033471094520172
1707,-0.0013362342397743598
1708,0.003843075066270861
1709,0.0029031509460557096
1710,0.0012740679145679713
1711,0.001060022889261823
1712,-0.0001248681941991615
1713,0.0011343194132785014
1714,-0.0022461615529553573
1715,-0.0010910445776853653
1716,-0.0028313332394347087
1717,0.00012055988164089859
1718,-0.000785001731683762
1719,0.0004490577203882709
1720,-0.0026480742712453173
1721,-0.0023799366259716673
1722,-7.186380712117175e-05
1723,0.0019527980089719948
1724,0.001500228373341627
1725,-0.0008630582698006764
1726,-0.0010952738649734363
1727,0.0017465438067242652
1728,-0.0005956607846440816
1729,-0.00010427461339103305
1730,0.0005542958334377589
1731,-0.0008014421185917402
1732,-0.0011657126881709427
1733,-0.0014199633835932713
1734,0.00012628456415373246
1735,0.0008120305194865311
1736,-0.0010822982489016358
1737,-0.0034201327727753504
1738,0.0012185904337844388
1739,0.002069384619050646
1740,-0.004485543840025584
1741,-0.000580170908428412
1742,0.00022341686786135772
1743,-0.002479216609773084
1744,0.0006584816869943961
1745,0.003201699714222413
1746,-0.00036385653022137415
1747,0.0014537086370397033
1748,0.0009307149726003854
1749,-0.002437506521126387
1750,-0.00016012206365025673
1751,0.0011431217554953334
1752,0.0005781245860947144
1753,-0.0005525699843810562
1754,0.0010171327128496617
1755,-4.4073278352029505e-05
1756,-0.002503306488958917
1757,-0.0020296516083754272
1758,0.00216118096022119
1759,-0.00031816957285427973
1760,-0.006319785893547156
1761,0.0015944703796096206
1762,-0.0008609870843149414
1763,-0.001973532757802925
1764,-0.001818246667500818
1765,-0.000889130514204587
1766,-0.0006778221334080119
1767,0.00041455417541625664
1768,-0.002660133993978629
1769,-0.00044953511171457697
1770,0.0008928480489340383
1771,0.0018388697895675903
1772,2.6297557402541464e-05
1773,-0.0009287404081417113
1774,-0.002356200521919323
1775,-0.0024730884243526104
1776,0.0031112956781213013
1777,-0.0004344170730393059
1778,0.002560628211595904
1779,0.002587930745209067
1780,-0.0007814068953330734
1781,-0.0018220313539112902
1782,-0.0016608454243763177
1783,-0.004574576690487659
1784,0.0009488495897636028
1785,0.002627673341680252
1786,0.001431823852998112
1787,0.0011845530645756626
1788,-0.001450090253494417
1789,0.0011667581689521259
1790,0.0011862143572022015
1791,0.0015197530656385642
1792,0.001843141795895808
1793,2.4715820698784454e-06
1794,-0.00012276745611812761
1795,-0.0016316514705692886
1796,-0.0024836839167200727
1797,-0.0013446296286006843
1798,-0.003345391663505219
1799,0.0019534464604863172
1800,-0.00308800385630062
1801,-0.0003098612682623053
1802,0.0016280456614654894
1803,-0.0008036150944941141
1804,-0.0011843115497925368
1805,-0.003379197963801639
1806,0.0003050157130100233
1807,-0.004247439533427968
1808,0.0010859578711592544
1809,0.0012525373705351167
1810,0.002063660041850281
1811,0.0018172970056875586
1812,0.0016834470298218343
1813,0.001081382097232849
1814,-0.0013300355859926043
1815,-0.0013970128367360236
1816,0.0007772906480075943
1817,0.001420263733354569
1818,0.0005841075265448827
1819,-0.0006855402133757163
1820,-0.0014384621491826816
1821,0.0016862716992205773
1822,-0.0011245410008199654
1823,0.002650281227252669
1824,-0.001983659148443399
1825,-0.002946325492617784
1826,-0.0006780353326428222
1827,0.0019854289275742206
1828,0.001416171533635682
1829,2.5982332939163804e-05
1830,0.00025290284473868715
1831,-0.0008104508690118528
1832,0.0007538170995776364
1833,0.0008456555859547509
1834,0.0004483785242304601
1835,0.0004173220468314966
1836,-0.0047422273526272875
1837,-0.0008196699558829506
1838,-0.0015964728460921536
1839,-0.0018851075962004777
1840,0.005502458953970374
1841,-0.0013126097961252865
1842,0.001805483454318142
1843,0.0034194158943591326
1844,0.0036597018495990725
1845,-0.00021271554879492236
1846,0.0009162898692493401
1847,0.0036894128262702605
1848,-0.0012368806560091577
1849,-0.0010777760338734302
1850,-0.001495530562279766
1851,7.550193553136826e-05
1852,-0.003040699425519058
1853,-0.0020759732702162075
1854,-0.001215486795179214
1855,2.3255019011014476e-05
1856,-0.0026188740798898293
1857,-0.00018388575200584413
1858,-0.0014393793296260656
1859,-0.00017701982868655028
1860,0.0020077540712222734
1861,0.00047741604900872214
1862,-0.0009345354666913258
1863,0.0012927603382116117
1864,-0.0019241205242935813
1865,0.004029840950507627
1866,-0.00025353740314947785
1867,-0.006174321687726495
1868,-0.0015325870678356678
1869,-0.0025465338773331863
1870,-0.0010566474427883535
1871,-0.002565591885719354
1872,-7.333326571895598e-05
1873,0.0016736844626964683
1874,-0.00040881694402290016
1875,0.0007734002138720592
1876,-0.000443294634063122
1877,-0.0037705871243650414
1878,-0.003927893069597855
1879,-0.004351441328075893
1880,-0.0021891700601359074
1881,0.0009723808149537565
1882,0.002425146321791055
1883,0.0007916502476668686
1884,-0.0015544671799917484
1885,-0.0017465322559299945
1886,-0.0014457589960814362
1887,-0.0007149247619848185
1888,-0.0036554677759959757
1889,-0.004934447328896746
1890,0.0013149485366329933
1891,-0.0036745885676330438
1892,0.0027347652933212814
1893,0.002247495673244013
1894,0.0009568068645323963
1895,0.00160341093799436
1896,0.000320873237112658
1897,0.001807050681193065
1898,-0.001572589847591172
1899,0.002906051537034211
1900,-0.001197622113558303
1901,-0.002640839891154055
1902,-0.003073405935961453
1903,-0.000208668316376475
1904,-0.0010882127247718557
1905,0.002003639641109553
1906,-0.0013323840566674054
1907,0.0023212268564220483
1908,-0.002832526849141058
1909,-1.133549096257314e-05
1910,0.0033556201610210707
1911,-0.003910331596689765
1912,0.002202346727300066
1913,0.0003439554115232357
1914,0.00016050557859313501
1915,0.0024669643822539614
1916,-4.588469623704663e-05
1917,-0.000364131619568285
1918,-0.00357647916909688
1919,0.0005519816426680876
1920,3.1389880847416336e-05
1921,-0.0015439496827845277
1922,-0.005454171994566763
1923,-0.0013866818471957882
1924,0.002020218000180738
1925,-0.003953201650341236
1926,-0.0038974298390394434
1927,0.002561601012547138
1928,-0.0007991111933390866
1929,0.0005424021391779969
1930,-0.0061505013572093065
1931,0.0031088041109605
1932,-2.0666942271216194e-05
1933,-0.00016629635048950837
1934,-0.005402474069137379
1935,-0.0011379164347111751
1936,-0.00011860833847461405
